hour,totalConsumption,group1,group2,group3,group4,group5
0,106263, 16975,9183,31999,41219,6887
1,106556, 16843,9252,32414,41251,6796
2,106512, 16943,9148,32537,41163,6721
3,106900, 16862,9167,32790,41255,6826
4,106980, 16685,9166,33162,41170,6797
5,107526, 16956,9127,33415,41221,6807
6,107781, 16789,9203,33777,41186,6826
7,107674, 16712,9182,33907,41170,6703
8,108201, 16706,9241,34248,41192,6814
9,108556, 16572,9265,34641,41258,6820
10,108740, 16533,9255,34927,41214,6811
11,109344, 16812,9246,35188,41253,6845
12,110051, 17035,9370,35630,41202,6814
13,110271, 16955,9365,35958,41122,6871
14,110571, 16896,9402,36244,41182,6847
15,110561, 16792,9337,36336,41148,6948
16,111388, 16938,9441,36794,41342,6873
17,111494, 17023,9391,36982,41274,6824
18,111973, 16931,9485,37468,41269,6820
19,112533, 17204,9431,37574,41308,7016
20,112534, 16996,9474,37894,41274,6896
21,112764, 16873,9528,38254,41237,6872
22,113787, 17269,9637,38544,41398,6939
23,113505, 16913,9547,38868,41222,6955
24,113633, 16784,9537,39158,41288,6866
25,114102, 16896,9610,42972,37738,6886
26,114265, 16971,9530,43212,37697,6855
27,114179, 16660,9574,43486,37645,6814
28,114676, 16687,9494,43828,37690,6977
29,114809, 16770,9556,43876,37733,6874
30,115202, 16826,9599,44240,37634,6903
31,115579, 16694,9604,44552,37714,7015
32,115912, 16788,9594,44865,37695,6970
33,116240, 16712,9620,45297,37684,6927
34,116673, 16843,9686,45478,37718,6948
35,116622, 16565,9664,45786,37705,6902
36,117221, 16540,9688,46283,37767,6943
37,117992, 16964,9741,46655,37674,6958
38,118276, 16888,9828,46922,37683,6955
39,118305, 16808,9780,46945,37709,7063
40,118891, 17147,9757,47306,37697,6984
41,118182, 16412,9817,47331,37697,6925
42,119004, 16622,9959,47716,37722,6985
43,119035, 16473,9826,47976,37715,7045
44,119778, 16772,9862,48300,37739,7105
45,120150, 16647,9943,48707,37802,7051
46,119993, 16487,9950,48892,37735,6929
47,120272, 16430,9871,49155,37761,7055
48,120435, 16380,9935,49410,37661,7049
49,120720, 16393,9971,49670,37712,6974
50,121097, 16482,9876,50100,37673,6966
51,121423, 16324,10017,50453,37618,7011
52,122152, 16689,10043,50684,37666,7070
53,122117, 16357,10037,51003,37694,7026
54,122662, 16459,10040,51353,37651,7159
55,122644, 16341,9995,51457,37680,7171
56,123496, 16399,10195,51859,37730,7313
57,124403, 16915,10367,52107,37853,7161
58,125485, 17138,10381,52732,37818,7416
59,126329, 17350,10662,52773,37953,7591
60,126776, 17178,10651,53597,37878,7472
61,127175, 17415,10381,53918,37926,7535
62,126251, 16617,10462,54164,37853,7155
63,127522, 16748,10559,54614,37956,7645
64,127231, 17025,10548,54409,37753,7496
65,127664, 17065,10501,54808,37906,7384
66,127049, 16460,10434,54964,37917,7274
67,127751, 16737,10460,55442,37854,7258
68,128228, 16680,10425,55774,37921,7428
69,128024, 16742,10286,55969,37851,7176
70,128408, 16622,10448,56280,37756,7302
71,128327, 16485,10406,56462,37710,7264
72,124227, 16399,6196,56670,37719,7243
73,124316, 16276,6147,56964,37788,7141
74,125065, 16590,6180,57220,37837,7238
75,125513, 16561,6210,57784,37668,7290
76,125979, 16528,6428,57847,38014,7162
77,125944, 16394,6415,58094,37824,7217
78,126423, 16517,6366,58502,37811,7227
79,126740, 16533,6407,58694,37976,7130
80,127649, 16653,6366,59263,38020,7347
81,128627, 16741,6558,59709,38086,7533
82,129489, 17135,6603,59971,38285,7495
83,129785, 16973,6641,60511,38189,7471
84,130262, 17141,6607,60712,38302,7500
85,130421, 17435,6538,60685,38220,7543
86,131347, 17116,6698,61767,38232,7534
87,130813, 17182,6638,61306,38073,7614
88,131918, 17353,6508,61916,38451,7690
89,131431, 16806,6759,62107,38361,7398
90,131767, 17176,6680,62345,38171,7395
91,131342, 16893,6616,62222,38009,7602
92,130401, 15907,6414,62860,37908,7312
93,130636, 17946,6598,60963,37805,7324
94,132254, 18602,6482,61723,37837,7610
95,131264, 18113,6503,61539,37794,7315
96,105407, 18055,6463,61962,11695,7232
97,105682, 18102,6566,62113,11580,7321
98,105784, 18072,6429,62385,11599,7299
99,106214, 17988,6525,62786,11640,7275
100,106626, 18157,6537,63004,11575,7353
101,107317, 18519,6574,63335,11667,7222
102,104821, 18478,3604,63751,11642,7346
103,104395, 17659,3612,64012,11588,7524
104,105165, 18480,3581,64220,11608,7276
105,106280, 18316,3693,64995,11743,7533
106,106491, 18023,3812,65159,11698,7799
107,107573, 18791,3946,65388,11838,7610
108,107685, 18615,3909,65895,11727,7539
109,107932, 18247,3832,66420,11770,7663
110,107991, 19030,3996,65841,11703,7421
111,109094, 19305,3821,66361,11764,7843
112,109118, 19194,3839,66795,11804,7486
113,109701, 19061,4003,67479,11723,7435
114,109660, 19100,3787,67508,11608,7657
115,109445, 18377,3853,67875,11782,7558
116,109268, 18133,6934,68001,8600,7600
117,109965, 18327,7008,68459,8692,7479
118,110753, 18950,7035,68619,8613,7536
119,109866, 18243,6899,68762,8595,7367
120,109804, 15979,6966,70880,8604,7375
121,110835, 16260,6955,71361,8672,7587
122,110646, 16228,7007,71367,8575,7469
123,111101, 16288,7034,71815,8607,7357
124,111288, 15983,6993,72128,8691,7493
125,111830, 16006,7056,72657,8687,7424
126,112207, 16181,7031,72815,8668,7512
127,112327, 15773,7120,73168,8708,7558
128,113253, 15998,7199,73857,8599,7600
129,112834, 15714,7129,73622,8730,7639
130,114413, 16511,7179,74301,8615,7807
131,114850, 16288,7404,74777,8607,7774
132,114970, 16323,7274,74872,8782,7719
133,114743, 16117,7358,74976,8671,7621
134,115639, 15937,7425,75705,8693,7879
135,116968, 16860,7471,76255,8622,7760
136,116363, 16508,7357,76079,8613,7806
137,117085, 16755,7379,76196,8677,8078
138,116625, 16525,7309,76585,8580,7626
139,117005, 16159,7331,76907,8753,7855
140,116793, 16109,7192,77095,8630,7767
141,117194, 16041,7328,77439,8712,7674
142,117048, 16052,7358,77586,8628,7424
143,117453, 15911,7387,77961,8694,7500
144,113933, 15834,7308,74500,8678,7613
145,110732, 12387,7414,74885,8586,7460
146,111048, 12368,7420,75093,8614,7553
147,108006, 12534,7406,75390,8688,3988
148,108388, 12424,7399,75822,8633,4110
149,108759, 12445,7413,76135,8648,4118
150,108988, 12473,7406,76393,8623,4093
151,109340, 12221,7529,76823,8675,4092
152,109553, 12265,7538,76910,8624,4216
153,110839, 12548,7619,77677,8739,4256
154,111213, 12720,7774,77734,8745,4240
155,110967, 12368,7730,77985,8761,4123
156,111629, 12578,7778,78116,8689,4468
157,111977, 12797,7518,78704,8638,4320
158,112083, 12580,7688,78974,8649,4192
159,112848, 12765,7623,79428,8776,4256
160,112968, 12833,7599,79365,8612,4559
161,113620, 12820,7692,80127,8654,4327
162,113195, 12475,7797,79953,8718,4252
163,113494, 12402,7752,80357,8720,4263
164,113178, 12098,7622,80573,8711,4174
165,114158, 12329,7763,81052,8733,4281
166,113842, 12215,7696,81106,8611,4214
167,114438, 12393,7745,81521,8568,4211
168,114571, 12413,7632,81693,8681,4152
169,114654, 12271,7788,81969,8614,4012
170,114702, 12174,7786,82107,8600,4035
171,115439, 12314,7766,82557,8605,4197
172,115411, 12160,7745,82803,8577,4126
173,115925, 12319,7793,83086,8579,4148
174,116273, 12285,7835,83367,8650,4136
175,116450, 12331,7739,83689,8658,4033
176,116870, 12245,7845,84056,8610,4114
177,117139, 12280,7803,84297,8634,4125
178,117586, 12290,7890,84628,8589,4189
179,117820, 12308,7863,84957,8590,4102
180,118201, 12369,7885,85191,8581,4175
181,135160, 28923,7909,85561,8586,4181
182,135696, 29043,7987,85839,8592,4235
183,135813, 28848,8022,86058,8630,4255
184,136062, 28924,7979,86442,8603,4114
185,136891, 29204,8013,86719,8681,4274
186,136963, 29089,8080,86946,8606,4242
187,137619, 29273,8032,87462,8568,4284
188,137593, 29044,8078,87621,8566,4284
189,137965, 29240,7982,87889,8570,4284
190,138211, 29009,8093,88399,8588,4122
191,164450, 55194,8067,88451,8598,4140
192,165280, 55442,8014,88938,8663,4223
193,165069, 55011,8102,89189,8579,4188
194,165717, 55342,8082,89451,8630,4212
195,165393, 54897,8113,89666,8601,4116
196,165704, 54712,8112,90002,8615,4263
197,166066, 54898,8174,90277,8601,4116
198,166810, 55186,8182,90542,8600,4300
199,166624, 54816,8151,90798,8603,4256
200,164413, 54499,7614,91137,8587,2576
201,164823, 54477,7614,91496,8636,2600
202,165595, 54787,7601,91907,8629,2671
203,165449, 54379,7638,92080,8619,2733
204,165928, 54574,7675,92380,8634,2665
205,166387, 54897,7674,92527,8633,2656
206,166400, 54575,7674,92872,8605,2674
207,166573, 54397,7760,93121,8644,2651
208,167649, 54828,7820,93666,8567,2768
209,167405, 54465,7769,93894,8646,2631
210,168232, 54804,7817,94150,8695,2766
211,168085, 54559,7818,94480,8608,2620
212,168725, 54772,7812,94926,8569,2646
213,168510, 54415,7880,94893,8585,2737
214,169171, 54634,7805,95376,8663,2693
215,169709, 54718,7860,95681,8616,2834
216,169658, 54465,7864,95969,8629,2731
217,169905, 54445,7940,96211,8607,2702
218,170335, 54587,7901,96534,8619,2694
219,170767, 54658,7865,96923,8580,2741
220,171429, 54925,7919,97213,8592,2780
221,171486, 54653,8006,97470,8616,2741
222,171729, 54557,7971,97777,8635,2789
223,172497, 54810,8018,98251,8678,2740
224,172983, 55105,8146,98231,8625,2876
225,173333, 54917,8151,98680,8581,3004
226,173619, 54919,8168,99062,8603,2867
227,174902, 55877,8037,99507,8611,2870
228,173781, 54335,8150,99614,8694,2988
229,174982, 54477,8275,100334,8792,3104
230,175375, 54919,8238,100685,8787,2746
231,177083, 56073,8246,101014,8658,3092
232,177108, 55706,8275,101319,8780,3028
233,176158, 55043,8106,101416,8765,2828
234,177010, 55455,8252,101668,8665,2970
235,177465, 55494,8238,102028,8671,3034
236,176899, 54760,8271,102104,8770,2994
237,176870, 54634,8278,102368,8692,2898
238,177874, 55247,8261,102749,8713,2904
239,178045, 54999,8275,103122,8593,3056
240,178084, 54958,8308,103315,8627,2876
241,178071, 54835,8357,103472,8591,2816
242,178359, 54613,8374,103766,8602,3004
243,178589, 54638,8428,104044,8573,2906
244,178797, 54421,8395,104403,8684,2894
245,179352, 54675,8342,104726,8593,3016
246,179868, 54649,8391,105210,8714,2904
247,180310, 55100,8477,105254,8653,2826
248,180832, 54785,8528,105695,8722,3102
249,181227, 55207,8469,106023,8704,2824
250,182049, 55559,8519,106303,8612,3056
251,181986, 55440,8544,106325,8829,2848
252,182404, 54858,8595,107157,8777,3017
253,182564, 54957,8469,107280,8752,3106
254,184065, 56191,8677,107423,8676,3098
255,183734, 55210,8802,108020,8702,3000
256,183916, 54964,8667,108236,8879,3170
257,184622, 55842,8498,108447,8801,3034
258,184842, 55724,8664,108731,8665,3058
259,184108, 54778,8616,108942,8771,3001
260,184742, 55195,8661,109216,8588,3082
261,184844, 54979,8785,109390,8714,2976
262,185397, 55127,8663,109991,8663,2953
263,185448, 54840,8614,110164,8736,3094
264,185822, 55012,8714,110443,8661,2992
265,185745, 54602,8678,110764,8629,3072
266,185624, 54485,8736,110848,8596,2959
267,186225, 54568,8727,111344,8576,3010
268,186481, 54555,8825,111518,8575,3008
269,187140, 54836,8777,111841,8580,3106
270,187019, 54682,8746,111980,8595,3016
271,188036, 54974,8860,112447,8689,3066
272,188576, 55263,8909,112591,8715,3098
273,189327, 55352,8963,113219,8727,3066
274,190345, 55633,8915,113761,8826,3210
275,190427, 55440,8838,114096,8738,3315
276,190012, 55156,9008,113989,8825,3034
277,190653, 55308,8864,114516,8775,3190
278,191067, 55512,8991,114543,8796,3225
279,191254, 55637,9000,114958,8591,3068
280,192097, 55350,8953,115585,8852,3357
281,191874, 55000,9167,115833,8750,3124
282,192234, 55333,8942,116066,8604,3289
283,192161, 55388,8985,116077,8617,3094
284,192751, 55430,9140,116461,8624,3096
285,192774, 55038,9126,116816,8635,3159
286,193092, 55345,9042,116992,8631,3082
287,166605, 28636,9043,117057,8666,3203
288,166756, 28375,9028,117584,8706,3063
289,167058, 28644,9105,117647,8593,3069
290,167772, 28873,9178,117966,8662,3093
291,167476, 28416,9050,118332,8612,3066
292,168176, 28801,9155,118494,8640,3086
293,168264, 28550,9161,118888,8629,3036
294,168411, 28539,9158,119053,8626,3035
295,184406, 28566,9199,134840,8715,3086
296,184714, 28152,9246,135517,8694,3105
297,186301, 28921,9319,136252,8676,3133
298,187357, 28769,9350,137371,8631,3236
299,187881, 28800,9341,137773,8757,3210
300,187978, 28251,9417,138357,8693,3260
301,188992, 28295,9431,139296,8706,3264
302,172983, 11774,9420,139720,8831,3238
303,174485, 12230,9377,140647,8867,3364
304,174186, 11595,9378,141191,8697,3325
305,175109, 11590,9466,142172,8693,3188
306,175576, 11710,9433,142478,8783,3172
307,176651, 12128,9385,143226,8663,3249
308,177232, 11938,9496,143793,8750,3255
309,177302, 11574,9404,144388,8681,3255
310,96826, 11956,9596,63239,8731,3304
311,97333, 12068,9445,64014,8658,3148
312,96948, 11745,9438,63968,8651,3146
313,97618, 11685,9446,64656,8617,3214
314,98109, 11601,9501,65006,8701,3300
315,98694, 11888,9531,65591,8609,3075
316,99179, 11972,9598,65844,8669,3096
317,99658, 11742,9491,66537,8659,3229
318,100187, 11818,9580,66971,8595,3223
319,100892, 11949,9637,67453,8673,3180
320,101445, 11989,9684,68014,8646,3112
321,102049, 12054,9589,68489,8630,3287
322,102850, 11699,9749,69216,8774,3412
323,87356, 11916,3154,62035,8674,1577
324,87205, 11627,3068,62336,8721,1453
325,88370, 11940,3142,63155,8719,1414
326,88830, 12045,3011,63412,8768,1594
327,88881, 11876,3154,63831,8628,1392
328,89449, 11822,3129,64327,8606,1565
329,90570, 12020,3172,65110,8765,1503
330,90542, 11953,3138,65142,8740,1569
331,90924, 11942,3121,65683,8753,1425
332,91188, 11668,3044,66203,8751,1522
333,91706, 12051,3013,66520,8676,1446
334,91833, 11721,3047,67043,8615,1407
335,92434, 11894,3076,67467,8613,1384
336,92864, 11786,3039,67956,8702,1381
337,93257, 11646,3088,68465,8602,1456
338,93496, 11606,3054,68872,8590,1374
339,94197, 11701,3072,69332,8666,1426
340,94477, 11641,3049,69705,8627,1455
341,95002, 11758,3073,70150,8618,1403
342,95529, 11828,3024,70698,8568,1411
343,95954, 11667,3049,71195,8651,1392
344,96380, 11699,3064,71589,8566,1462
345,96687, 11695,3060,71937,8567,1428
346,97398, 11702,3088,72490,8655,1463
347,97747, 11780,3025,72912,8597,1433
348,98356, 11835,3039,73407,8636,1439
349,98946, 11886,3052,73888,8674,1446
350,99494, 11912,3068,74362,8663,1489
351,99715, 11577,3075,74888,8683,1492
352,100369, 11906,3064,75288,8667,1444
353,100478, 11630,3078,75765,8594,1411
354,101247, 11827,3041,76368,8617,1394
355,101713, 11835,3039,76764,8636,1439
356,101997, 11634,3070,77235,8604,1454
357,102530, 11688,3094,77693,8637,1418
358,102986, 11693,3073,78101,8657,1462
359,103391, 11763,3012,78610,8607,1399
360,103862, 11764,3018,79096,8591,1393
361,104220, 11776,3010,79424,8636,1374
362,104597, 11629,3036,79853,8625,1454
363,104954, 11621,3037,80292,8617,1387
364,105585, 11752,3058,80702,8634,1439
365,104676, 11768,3060,81199,8649,0
366,105020, 11788,3062,81589,8581,0
367,105537, 11799,3015,82070,8653,0
368,106000, 11648,0,82704,11648,0
369,106498, 11757,0,83082,11659,0
370,106991, 11657,0,83677,11657,0
371,107533, 11872,0,84017,11644,0
372,107823, 11804,0,84442,11577,0
373,108264, 11687,0,84969,11608,0
374,108746, 11716,0,85356,11674,0
375,109542, 11904,0,85953,11685,0
376,109666, 11647,0,86329,11690,0
377,110279, 11736,0,86849,11694,0
378,110707, 11841,0,87242,11624,0
379,122328, 11854,11156,87682,11636,0
380,122881, 11848,11171,88183,11679,0
381,122989, 11628,11115,88576,11670,0
382,123833, 11777,11171,89194,11691,0
383,124125, 11682,11182,89620,11641,0
384,124532, 11742,11140,90021,11629,0
385,124904, 11660,11150,90507,11587,0
386,125309, 11637,11139,90937,11596,0
387,125718, 11619,11192,91245,11662,0
388,126414, 11860,11141,91823,11590,0
389,126956, 11715,11182,92477,11582,0
390,127356, 11724,11157,92846,11629,0
391,127808, 11762,11132,93257,11657,0
392,128583, 11861,11187,93809,11726,0
393,129333, 12173,11212,94176,11772,0
394,129868, 12291,11206,94713,11658,0
395,130644, 12286,11262,95424,11672,0
396,130352, 12082,11138,95522,11610,0
397,130762, 11696,11148,96130,11788,0
398,131729, 12076,11271,96608,11774,0
399,131923, 11736,11317,97239,11631,0
400,132618, 12135,11268,97513,11702,0
401,133303, 12302,11149,98031,11821,0
402,133278, 12033,11197,98266,11782,0
403,133747, 11664,11203,99140,11740,0
404,134381, 12025,11123,99508,11725,0
405,134761, 12146,11134,99769,11712,0
406,134830, 11749,11189,100143,11749,0
407,135424, 12032,11116,100702,11574,0
408,135843, 11788,11221,101103,11731,0
409,136084, 11954,11130,101406,11594,0
410,136517, 11658,11138,102011,11710,0
411,136999, 11715,11210,102409,11665,0
412,137492, 11591,11177,103081,11643,0
413,138014, 11662,11141,103497,11714,0
414,138478, 11893,11122,103735,11728,0
415,138934, 11751,11139,104293,11751,0
416,139807, 12020,11201,104907,11679,0
417,139908, 11942,11113,105159,11694,0
418,140715, 11703,11155,106062,11795,0
419,144712, 12135,11124,109621,11832,0
420,145171, 12058,11116,110410,11587,0
421,145280, 11718,11168,110585,11809,0
422,145796, 11805,11215,110971,11805,0
423,146568, 11868,11274,111558,11868,0
424,147470, 12129,11118,112397,11826,0
425,147050, 11748,11161,112393,11748,0
426,148044, 11781,11261,113307,11695,0
427,148914, 11997,11247,113973,11697,0
428,148600, 11876,11134,114011,11579,0
429,149180, 11622,11164,114695,11699,0
430,150153, 11736,11150,115604,11663,0
431,150486, 11768,11128,115886,11704,0
432,127377, 0,11126,116251,0,0
433,128164, 0,11193,116971,0,0
434,128520, 0,11126,117394,0,0
435,129000, 0,11191,117809,0,0
436,129540, 0,11127,118413,0,0
437,130218, 0,11139,119079,0,0
438,130569, 0,11204,119365,0,0
439,131254, 0,11171,120083,0,0
440,131903, 0,11174,120729,0,0
441,132498, 0,11156,121342,0,0
442,132706, 0,11215,121491,0,0
443,133856, 0,11240,122616,0,0
444,134247, 0,11203,123044,0,0
445,134575, 0,11261,123314,0,0
446,135576, 0,11184,124392,0,0
447,136096, 0,11272,124824,0,0
448,136407, 0,11131,125276,0,0
449,136887, 0,11119,125768,0,0
450,137067, 0,11151,125916,0,0
451,126642, 0,0,126642,0,0
452,127103, 0,0,127103,0,0
453,127626, 0,0,127626,0,0
454,128404, 0,0,128404,0,0
455,128722, 0,0,128722,0,0
456,129414, 0,0,129414,0,0
457,129897, 0,0,129897,0,0
458,130431, 0,0,130431,0,0
459,131077, 0,0,131077,0,0
460,131855, 0,0,131855,0,0
461,132157, 0,0,132157,0,0
462,132605, 0,0,132605,0,0
463,133024, 0,0,133024,0,0
464,133553, 0,0,133553,0,0
465,134328, 0,0,134328,0,0
466,134908, 0,0,134908,0,0
467,135441, 0,0,135441,0,0
468,135830, 0,0,135830,0,0
469,136340, 0,0,136340,0,0
470,137203, 0,0,137203,0,0
471,137811, 0,0,137811,0,0
472,138068, 0,0,138068,0,0
473,138849, 0,0,138849,0,0
474,138628, 0,0,138628,0,0
475,139730, 0,0,139730,0,0
476,140203, 0,0,140203,0,0
477,140861, 0,0,140861,0,0
478,141457, 0,0,141457,0,0
479,141968, 0,0,141968,0,0
480,141864, 0,0,141864,0,0
481,142757, 0,0,142757,0,0
482,143605, 0,0,143605,0,0
483,144172, 0,0,144172,0,0
484,144316, 0,0,144316,0,0
485,145111, 0,0,145111,0,0
486,148523, 0,0,145471,0,3052
487,149096, 0,0,146075,0,3021
488,149531, 0,0,146566,0,2965
489,103909, 0,0,100853,0,3056
490,104256, 0,0,101219,0,3037
491,104575, 0,0,101598,0,2977
492,105095, 0,0,101922,0,3173
493,105932, 0,0,102754,0,3178
494,106270, 0,0,103119,0,3151
495,106374, 0,0,103403,0,2971
496,107144, 0,0,104106,0,3038
497,107488, 0,0,104390,0,3098
498,108208, 0,0,105126,0,3082
499,108373, 0,0,105394,0,2979
500,109135, 0,0,105974,0,3161
501,109306, 0,0,106174,0,3132
502,109834, 0,0,106807,0,3027
503,110185, 0,0,107065,0,3120
504,110566, 0,0,107564,0,3002
505,111075, 0,0,108067,0,3008
506,111715, 0,0,108596,0,3119
507,112127, 0,0,109085,0,3042
508,112674, 0,0,109582,0,3092
509,112910, 0,0,109864,0,3046
510,113652, 0,0,110580,0,3072
511,114137, 0,0,111123,0,3014
512,114425, 0,0,111431,0,2994
513,114969, 0,0,111960,0,3009
514,115447, 0,0,112455,0,2992
515,115914, 0,0,112813,0,3101
516,116452, 0,0,113400,0,3052
517,116783, 0,0,113789,0,2994
518,117405, 0,0,114313,0,3092
519,117741, 0,0,114706,0,3035
520,118257, 0,0,115172,0,3085
521,118793, 0,0,115781,0,3012
522,119253, 0,0,116192,0,3061
523,119687, 0,0,116624,0,3063
524,120123, 0,0,117161,0,2962
525,120863, 0,0,117750,0,3113
526,121100, 0,0,118041,0,3059
527,138487, 16924,0,118467,0,3096
528,138969, 16900,0,118986,0,3083
529,139625, 17037,0,119476,0,3112
530,139944, 16923,0,120046,0,2975
531,140857, 16996,0,120771,0,3090
532,140930, 16703,0,121095,0,3132
533,141150, 16696,0,121488,0,2966
534,141847, 16931,0,121819,0,3097
535,32297, 16943,0,12322,0,3032
536,32265, 16826,0,12351,0,3088
537,32465, 17008,0,12401,0,3056
538,32421, 16886,0,12496,0,3039
539,32456, 16822,0,12617,0,3017
540,32737, 16884,0,12761,0,3092
541,32736, 16870,0,12853,0,3013
542,32874, 17054,0,12791,0,3029
543,33003, 17019,0,12879,0,3105
544,32802, 16669,0,13097,0,3036
545,32934, 16736,0,13150,0,3048
546,33285, 17147,0,13112,0,3026
547,33503, 17141,0,13245,0,3117
548,33571, 17044,0,13428,0,3099
549,33500, 17008,0,13400,0,3092
550,33242, 16722,0,13486,0,3034
551,33254, 16754,0,13454,0,3046
552,33606, 16975,0,13534,0,3097
553,33452, 16699,0,13702,0,3051
554,33625, 16723,0,13856,0,3046
555,33816, 16938,0,13879,0,2999
556,34066, 16905,0,14087,0,3074
557,33784, 16765,0,13971,0,3048
558,33861, 16762,0,14058,0,3041
559,34089, 16916,0,14097,0,3076
560,34387, 17120,0,14168,0,3099
561,34361, 16896,0,14297,0,3168
562,34392, 16767,0,14481,0,3144
563,34725, 17058,0,14621,0,3046
564,34978, 17244,0,14501,0,3233
565,34672, 17032,0,14599,0,3041
566,34958, 16974,0,14953,0,3031
567,34762, 16774,0,15008,0,2980
568,35570, 17458,0,14839,0,3273
569,35753, 17335,0,15168,0,3250
570,35376, 17058,0,15120,0,3198
571,35399, 17294,0,15133,0,2972
572,35636, 17299,0,15223,0,3114
573,35698, 17135,0,15350,0,3213
574,35427, 17032,0,15329,0,3066
575,35700, 17098,0,15515,0,3087
576,35676, 17031,0,15562,0,3083
577,35510, 16903,0,15540,0,3067
578,35640, 17039,0,15619,0,2982
579,35746, 16915,0,15858,0,2973
580,35814, 16918,0,15826,0,3070
581,35777, 16738,0,15901,0,3138
582,36100, 17053,0,15953,0,3094
583,35978, 16832,0,15990,0,3156
584,36602, 17261,0,16336,0,3005
585,36421, 17052,0,16311,0,3058
586,37445, 17518,0,16642,0,3285
587,37156, 17537,0,16660,0,2959
588,36266, 16858,0,16414,0,2994
589,37071, 17445,0,16527,0,3099
590,36667, 16838,0,16838,0,2991
591,36521, 16780,0,16780,0,2961
592,36897, 16911,0,16911,0,3075
593,37580, 17468,0,17009,0,3103
594,36997, 16982,0,16982,0,3033
595,37323, 17126,0,17126,0,3071
596,37443, 17117,0,17117,0,3209
597,37335, 16906,0,17259,0,3170
598,37197, 16686,0,17382,0,3129
599,37654, 17122,0,17440,0,3092
600,37677, 17006,0,17592,0,3079
601,37347, 16727,0,17592,0,3028
602,37387, 16745,0,17611,0,3031
603,37359, 16732,0,17598,0,3029
604,37649, 16733,0,17887,0,3029
605,37694, 16783,0,17866,0,3045
606,38172, 17156,0,18014,0,3002
607,38400, 17238,0,18161,0,3001
608,38270, 17115,0,18065,0,3090
609,38327, 16991,0,18150,0,3186
610,38988, 17232,0,18525,0,3231
611,38252, 16756,0,18520,0,2976
612,38378, 16777,0,18455,0,3146
613,38311, 16748,0,18423,0,3140
614,38501, 16673,0,18866,0,2962
615,38853, 17019,0,18811,0,3023
616,38837, 16896,0,18773,0,3168
617,39533, 17519,0,18902,0,3112
618,39205, 16953,0,19073,0,3179
619,39628, 17221,0,19178,0,3229
620,39555, 17379,0,19189,0,2987
621,39432, 17207,0,18999,0,3226
622,39528, 17113,0,19346,0,3069
623,39437, 17054,0,19185,0,3198
624,39408, 16831,0,19421,0,3156
625,39459, 16811,0,19613,0,3035
626,39933, 17148,0,19689,0,3096
627,39729, 16926,0,19747,0,3056
628,39766, 17163,0,19615,0,2988
629,39554, 16756,0,19656,0,3142
630,39859, 17061,0,19709,0,3089
631,39999, 17041,0,19881,0,3077
632,40104, 16993,0,20052,0,3059
633,40339, 17142,0,20123,0,3074
634,40078, 16969,0,20095,0,3014
635,40308, 17066,0,20210,0,3032
636,40222, 16842,0,20388,0,2992
637,40862, 17115,0,20538,0,3209
638,40695, 17085,0,20407,0,3203
639,40777, 17119,0,20448,0,3210
640,40826, 16942,0,20707,0,3177
641,40969, 17155,0,20767,0,3047
642,41138, 17171,0,20748,0,3219
643,41500, 17315,0,21080,0,3105
644,41011, 16970,0,20859,0,3182
645,41008, 16681,0,21199,0,3128
646,41386, 17244,0,21038,0,3104
647,24390, 0,0,21209,0,3181
648,24367, 0,0,21339,0,3028
649,24368, 0,0,21226,0,3142
650,24294, 0,0,21324,0,2970
651,24385, 0,0,21425,0,2960
652,24826, 0,0,21661,0,3165
653,24770, 0,0,21716,0,3054
654,24893, 0,0,21790,0,3103
655,21761, 0,0,21761,0,0
656,21857, 0,0,21857,0,0
657,22122, 0,0,22122,0,0
658,22310, 0,0,22310,0,0
659,0, 0,0,0,0,0
660,0, 0,0,0,0,0
661,0, 0,0,0,0,0
662,0, 0,0,0,0,0
663,0, 0,0,0,0,0
664,0, 0,0,0,0,0
665,0, 0,0,0,0,0
666,0, 0,0,0,0,0
667,0, 0,0,0,0,0
668,0, 0,0,0,0,0
669,0, 0,0,0,0,0
670,0, 0,0,0,0,0
671,0, 0,0,0,0,0
672,0, 0,0,0,0,0
673,0, 0,0,0,0,0
674,0, 0,0,0,0,0
675,0, 0,0,0,0,0
676,0, 0,0,0,0,0
677,0, 0,0,0,0,0
678,0, 0,0,0,0,0
679,26219, 0,0,0,1447,24772
680,26230, 0,0,0,1431,24799
681,26145, 0,0,0,1324,24821
682,26114, 0,0,0,1348,24766
683,26193, 0,0,0,1352,24841
684,26157, 0,0,0,1308,24849
685,26253, 0,0,0,1391,24862
686,26367, 0,0,0,1465,24902
687,26259, 0,0,0,1342,24917
688,26275, 0,0,0,1415,24860
689,26084, 0,0,0,1343,24741
690,26131, 0,0,0,1329,24802
691,26214, 0,0,0,1311,24903
692,26274, 0,0,0,1359,24915
693,26203, 0,0,0,1344,24859
694,26059, 0,0,0,1303,24756
695,26243, 0,0,0,1470,24773
696,26320, 0,0,0,1417,24903
697,26312, 0,0,0,1428,24884
698,26208, 0,0,0,1456,24752
699,26403, 0,0,0,1515,24888
700,26304, 0,0,0,1497,24807
701,26080, 0,0,0,1333,24747
702,26296, 0,0,0,1393,24903
703,26088, 0,0,0,1346,24742
704,26203, 0,0,0,1371,24832
705,26251, 0,0,0,1366,24885
706,26158, 0,0,0,1353,24805
707,26126, 0,0,0,1328,24798
708,26222, 0,0,0,1413,24809
709,26173, 0,0,0,1317,24856
710,26199, 0,0,0,1426,24773
711,26357, 0,0,0,1485,24872
712,26188, 0,0,0,1421,24767
713,26306, 0,0,0,1374,24932
714,26280, 0,0,0,1472,24808
715,26337, 0,0,0,1374,24963
716,26298, 0,0,0,1396,24902
717,26161, 0,0,0,1377,24784
718,26303, 0,0,0,1397,24906
719,26144, 0,0,0,1388,24756
720,26133, 0,0,0,1329,24804
721,26438, 0,0,0,1492,24946
722,26340, 0,0,0,1499,24841
723,26206, 0,0,0,1344,24862
724,26316, 0,0,0,1361,24955
725,26304, 0,0,0,1361,24943
726,26372, 0,0,0,1513,24859
727,26349, 0,0,0,1512,24837
728,26095, 0,0,0,1350,24745
729,26125, 0,0,0,1375,24750
730,26069, 0,0,0,1303,24766
731,26302, 0,0,0,1315,24987
732,26045, 0,0,0,1302,24743
733,26382, 0,0,0,1353,25029
734,26465, 0,0,0,1411,25054
735,26326, 0,0,0,1504,24822
736,26433, 0,0,0,1448,24985
737,26322, 0,0,0,1548,24774
738,26291, 0,0,0,1529,24762
739,26285, 0,0,0,1460,24825
740,26241, 0,0,0,1442,24799
741,26356, 0,0,0,1448,24908
742,26144, 0,0,0,1334,24810
743,26489, 0,0,0,1543,24946
744,26256, 0,0,0,1394,24862
745,26270, 0,0,0,1459,24811
746,26167, 0,0,0,1414,24753
747,26149, 0,0,0,1388,24761
748,26148, 0,0,0,1318,24830
749,26311, 0,0,0,1397,24914
750,26318, 0,0,0,1423,24895
751,26330, 0,0,0,1423,24907
752,26303, 0,0,0,1461,24842
753,26514, 0,0,0,1578,24936
754,26107, 0,0,0,1305,24802
755,26599, 0,0,0,1583,25016
756,26342, 0,0,0,1550,24792
757,26359, 0,0,0,1335,25024
758,26148, 0,0,0,1376,24772
759,26251, 0,0,0,1313,24938
760,26414, 0,0,0,1372,25042
761,26421, 0,0,0,1405,25016
762,26307, 0,0,0,1342,24965
763,26408, 0,0,0,1553,24855
764,26246, 0,0,0,1312,24934
765,26344, 0,0,0,1505,24839
766,26296, 0,0,0,1503,24793
767,26273, 0,0,0,1371,24902
768,26305, 0,0,0,1485,24820
769,26305, 0,0,0,1497,24808
770,26244, 0,0,0,1424,24820
771,26222, 0,0,0,1480,24742
772,26256, 0,0,0,1470,24786
773,26239, 0,0,0,1469,24770
774,26336, 0,0,0,1463,24873
775,0, 0,0,0,0,0
776,0, 0,0,0,0,0
777,0, 0,0,0,0,0
778,0, 0,0,0,0,0
779,0, 0,0,0,0,0
780,0, 0,0,0,0,0
781,0, 0,0,0,0,0
782,0, 0,0,0,0,0
783,0, 0,0,0,0,0
784,0, 0,0,0,0,0
785,0, 0,0,0,0,0
786,0, 0,0,0,0,0
787,0, 0,0,0,0,0
788,0, 0,0,0,0,0
789,0, 0,0,0,0,0
790,0, 0,0,0,0,0
791,0, 0,0,0,0,0
792,0, 0,0,0,0,0
793,0, 0,0,0,0,0
794,0, 0,0,0,0,0
795,0, 0,0,0,0,0
796,0, 0,0,0,0,0
797,0, 0,0,0,0,0
798,0, 0,0,0,0,0
799,0, 0,0,0,0,0
800,4541, 0,2312,0,0,2229
801,4285, 0,2192,0,0,2093
802,4627, 0,2367,0,0,2260
803,4643, 0,2375,0,0,2268
804,4406, 0,2254,0,0,2152
805,4456, 0,2280,0,0,2176
806,4656, 0,2382,0,0,2274
807,4368, 0,2299,0,0,2069
808,4451, 0,2277,0,0,2174
809,4485, 0,2295,0,0,2190
810,4359, 0,2294,0,0,2065
811,4339, 0,2209,0,0,2130
812,4344, 0,2286,0,0,2058
813,4426, 0,2213,0,0,2213
814,4224, 0,2180,0,0,2044
815,4191, 0,2187,0,0,2004
816,4297, 0,2242,0,0,2055
817,4261, 0,2188,0,0,2073
818,4337, 0,2219,0,0,2118
819,4200, 0,2178,0,0,2022
820,4267, 0,2183,0,0,2084
821,4326, 0,2213,0,0,2113
822,4377, 0,2216,0,0,2161
823,4205, 0,2194,0,0,2011
824,4361, 0,2251,0,0,2110
825,4284, 0,2228,0,0,2056
826,4568, 0,2284,0,0,2284
827,4286, 0,2286,0,0,2000
828,4504, 0,2252,0,0,2252
829,4570, 0,2338,0,0,2232
830,4552, 0,2329,0,0,2223
831,4398, 0,2250,0,0,2148
832,4483, 0,2187,0,0,2296
833,4500, 0,2250,0,0,2250
834,4367, 0,2298,0,0,2069
835,4420, 0,2210,0,0,2210
836,4364, 0,2182,0,0,2182
837,4423, 0,2300,0,0,2123
838,4294, 0,2281,0,0,2013
839,4387, 0,2289,0,0,2098
840,4387, 0,2289,0,0,2098
841,4340, 0,2170,0,0,2170
842,4363, 0,2209,0,0,2154
843,4331, 0,2193,0,0,2138
844,4400, 0,2251,0,0,2149
845,4369, 0,2255,0,0,2114
846,4256, 0,2240,0,0,2016
847,4336, 0,2212,0,0,2124
848,4260, 0,2215,0,0,2045
849,4291, 0,2231,0,0,2060
850,4303, 0,2249,0,0,2054
851,4400, 0,2251,0,0,2149
852,4300, 0,2263,0,0,2037
853,4344, 0,2231,0,0,2113
854,4359, 0,2212,0,0,2147
855,4207, 0,2171,0,0,2036
856,4359, 0,2250,0,0,2109
857,4392, 0,2196,0,0,2196
858,4404, 0,2318,0,0,2086
859,4364, 0,2222,0,0,2142
860,4545, 0,2314,0,0,2231
861,4561, 0,2322,0,0,2239
862,4520, 0,2301,0,0,2219
863,4408, 0,2320,0,0,2088
864,4449, 0,2265,0,0,2184
865,4172, 0,2169,0,0,2003
866,4262, 0,2195,0,0,2067
867,4177, 0,2175,0,0,2002
868,4203, 0,2191,0,0,2012
869,4205, 0,2175,0,0,2030
870,4250, 0,2207,0,0,2043
871,4220, 0,2167,0,0,2053
872,0, 0,0,0,0,0
873,0, 0,0,0,0,0
874,0, 0,0,0,0,0
875,0, 0,0,0,0,0
876,0, 0,0,0,0,0
877,0, 0,0,0,0,0
878,0, 0,0,0,0,0
879,0, 0,0,0,0,0
880,0, 0,0,0,0,0
881,0, 0,0,0,0,0
882,0, 0,0,0,0,0
883,0, 0,0,0,0,0
884,0, 0,0,0,0,0
885,0, 0,0,0,0,0
886,0, 0,0,0,0,0
887,0, 0,0,0,0,0
888,0, 0,0,0,0,0
889,0, 0,0,0,0,0
890,0, 0,0,0,0,0
891,0, 0,0,0,0,0
892,0, 0,0,0,0,0
893,0, 0,0,0,0,0
894,0, 0,0,0,0,0
895,0, 0,0,0,0,0
896,0, 0,0,0,0,0
897,0, 0,0,0,0,0
898,0, 0,0,0,0,0
899,0, 0,0,0,0,0
900,0, 0,0,0,0,0
901,0, 0,0,0,0,0
902,0, 0,0,0,0,0
903,0, 0,0,0,0,0
904,0, 0,0,0,0,0
905,0, 0,0,0,0,0
906,0, 0,0,0,0,0
907,0, 0,0,0,0,0
908,0, 0,0,0,0,0
909,0, 0,0,0,0,0
910,0, 0,0,0,0,0
911,0, 0,0,0,0,0
912,0, 0,0,0,0,0
913,0, 0,0,0,0,0
914,0, 0,0,0,0,0
915,0, 0,0,0,0,0
916,0, 0,0,0,0,0
917,0, 0,0,0,0,0
918,0, 0,0,0,0,0
919,11393, 501,0,0,6573,4319
920,11707, 641,0,0,6736,4330
921,11767, 772,0,0,6655,4340
922,11783, 813,0,0,6704,4266
923,11639, 763,0,0,6583,4293
924,11870, 760,0,0,6837,4273
925,11938, 746,0,0,6715,4477
926,12090, 793,0,0,6838,4459
927,12146, 860,0,0,6772,4514
928,11830, 739,0,0,6655,4436
929,11845, 692,0,0,6744,4409
930,11688, 640,0,0,6725,4323
931,11595, 587,0,0,6605,4403
932,11543, 563,0,0,6757,4223
933,11610, 556,0,0,6674,4380
934,11491, 514,0,0,6740,4237
935,11429, 444,0,0,6658,4327
936,11408, 397,0,0,6696,4315
937,11417, 397,0,0,6701,4319
938,11252, 377,0,0,6638,4237
939,11360, 371,0,0,6677,4312
940,11293, 373,0,0,6580,4340
941,11318, 410,0,0,6606,4302
942,11270, 451,0,0,6593,4226
943,11355, 516,0,0,6581,4258
944,11667, 653,0,0,6608,4406
945,11742, 770,0,0,6641,4331
946,11984, 786,0,0,6778,4420
947,11777, 754,0,0,6783,4240
948,11826, 757,0,0,6812,4257
949,11877, 819,0,0,6758,4300
950,11915, 891,0,0,6681,4343
951,12033, 900,0,0,6747,4386
952,12001, 873,0,0,6873,4255
953,11683, 713,0,0,6689,4281
954,11500, 594,0,0,6677,4229
955,11650, 613,0,0,6668,4369
956,11860, 624,0,0,6788,4448
957,11531, 552,0,0,6629,4350
958,11450, 480,0,0,6654,4316
959,11322, 474,0,0,6580,4268
960,11374, 396,0,0,6676,4302
961,11343, 422,0,0,6648,4273
962,11261, 437,0,0,6560,4264
963,11389, 412,0,0,6648,4329
964,11475, 415,0,0,6698,4362
965,11486, 446,0,0,6691,4349
966,11518, 506,0,0,6645,4367
967,11386, 566,0,0,6577,4243
968,11710, 684,0,0,6667,4359
969,11862, 797,0,0,6579,4486
970,11916, 801,0,0,6609,4506
971,11714, 768,0,0,6625,4321
972,15247, 824,0,3297,6799,4327
973,15191, 821,0,3285,6774,4311
974,15118, 765,0,3445,6602,4306
975,15646, 863,0,3453,6798,4532
976,15565, 803,0,3615,6628,4519
977,15253, 674,0,3708,6573,4298
978,15078, 603,0,3619,6559,4297
979,15327, 613,0,3679,6667,4368
980,15432, 617,0,3704,6713,4398
981,15262, 573,0,3726,6664,4299
982,15472, 511,0,3836,6713,4412
983,15523, 505,0,4038,6626,4354
984,15297, 416,0,3954,6556,4371
985,15530, 417,0,4169,6566,4378
986,15501, 407,0,4269,6556,4269
987,15690, 412,0,4321,6636,4321
988,15824, 402,0,4421,6631,4370
989,15823, 423,0,4445,6668,4287
990,15939, 478,0,4537,6626,4298
991,4769, 0,0,4769,0,0
992,4812, 0,0,4812,0,0
993,4975, 0,0,4975,0,0
994,4728, 0,0,4728,0,0
995,5151, 0,0,5151,0,0
996,4972, 0,0,4972,0,0
997,5292, 0,0,5292,0,0
998,5222, 0,0,5222,0,0
999,5360, 0,0,5360,0,0
1000,5391, 0,0,5391,0,0
1001,5591, 0,0,5591,0,0
1002,5617, 0,0,5617,0,0
1003,5461, 0,0,5461,0,0
1004,5617, 0,0,5617,0,0
1005,5663, 0,0,5663,0,0
1006,5821, 0,0,5821,0,0
1007,5762, 0,0,5762,0,0
1008,5972, 0,0,5972,0,0
1009,5972, 0,0,5972,0,0
1010,6052, 0,0,6052,0,0
1011,6112, 0,0,6112,0,0
1012,6162, 0,0,6162,0,0
1013,6258, 0,0,6258,0,0
1014,6390, 0,0,6390,0,0
1015,6382, 0,0,6382,0,0
1016,6605, 0,0,6605,0,0
1017,6687, 0,0,6687,0,0
1018,6764, 0,0,6764,0,0
1019,6864, 0,0,6864,0,0
1020,6809, 0,0,6809,0,0
1021,6994, 0,0,6994,0,0
1022,6953, 0,0,6953,0,0
1023,7029, 0,0,7029,0,0
1024,7166, 0,0,7166,0,0
1025,7345, 0,0,7345,0,0
1026,7244, 0,0,7244,0,0
1027,7404, 0,0,7404,0,0
1028,7403, 0,0,7403,0,0
1029,7628, 0,0,7628,0,0
1030,7568, 0,0,7568,0,0
1031,7720, 0,0,7720,0,0
1032,7793, 0,0,7793,0,0
1033,7809, 0,0,7809,0,0
1034,7960, 0,0,7960,0,0
1035,7962, 0,0,7962,0,0
1036,8148, 0,0,8148,0,0
1037,8177, 0,0,8177,0,0
1038,8207, 0,0,8207,0,0
1039,25189, 16793,0,8396,0,0
1040,25331, 16887,0,8444,0,0
1041,25410, 16940,0,8470,0,0
1042,25493, 16887,0,8606,0,0
1043,25536, 16904,0,8632,0,0
1044,25745, 16942,0,8803,0,0
1045,25593, 16813,0,8780,0,0
1046,25587, 16742,0,8845,0,0
1047,25748, 16804,0,8944,0,0
1048,26050, 16963,0,9087,0,0
1049,25784, 16701,0,9083,0,0
1050,25917, 16731,0,9186,0,0
1051,26011, 16692,0,9319,0,0
1052,26176, 16897,0,9279,0,0
1053,26373, 16913,0,9460,0,0
1054,26182, 16744,0,9438,0,0
1055,26317, 16786,0,9531,0,0
1056,26581, 16869,0,9712,0,0
1057,26532, 16818,0,9714,0,0
1058,26602, 16801,0,9801,0,0
1059,26789, 16809,0,9980,0,0
1060,26899, 16925,0,9974,0,0
1061,27000, 16941,0,10059,0,0
1062,27038, 16973,0,10065,0,0
1063,26913, 16686,0,10227,0,0
1064,27049, 16789,0,10260,0,0
1065,27348, 16713,0,10635,0,0
1066,27745, 17194,0,10551,0,0
1067,27500, 16739,0,10761,0,0
1068,27470, 16787,0,10683,0,0
1069,27903, 16911,0,10992,0,0
1070,27732, 16727,0,11005,0,0
1071,28520, 17360,0,11160,0,0
1072,28186, 17060,0,11126,0,0
1073,27932, 16687,0,11245,0,0
1074,27974, 16973,0,11001,0,0
1075,28083, 16850,0,11233,0,0
1076,28257, 16954,0,11303,0,0
1077,28208, 16867,0,11341,0,0
1078,28233, 16887,0,11346,0,0
1079,28530, 17073,0,11457,0,0
1080,28464, 16948,0,11516,0,0
1081,28414, 16714,0,11700,0,0
1082,28688, 16952,0,11736,0,0
1083,28901, 17027,0,11874,0,0
1084,28792, 16910,0,11882,0,0
1085,28826, 16874,0,11952,0,0
1086,29116, 17006,0,12110,0,0
1087,28995, 16817,0,12178,0,0
1088,29580, 17198,0,12382,0,0
1089,29415, 16924,0,12491,0,0
1090,29329, 17002,0,12327,0,0
1091,29392, 16682,0,12710,0,0
1092,29904, 17313,0,12591,0,0
1093,29991, 17495,0,12496,0,0
1094,30055, 17174,0,12881,0,0
1095,30291, 17309,0,12982,0,0
1096,29839, 16811,0,13028,0,0
1097,30366, 17245,0,13121,0,0
1098,29669, 16668,0,13001,0,0
1099,30364, 17162,0,13202,0,0
1100,30035, 16686,0,13349,0,0
1101,30204, 17008,0,13196,0,0
1102,30529, 17139,0,13390,0,0
1103,30149, 16848,0,13301,0,0
1104,30539, 17035,0,13504,0,0
1105,30211, 16668,0,13543,0,0
1106,30673, 16939,0,13734,0,0
1107,30717, 17019,0,13698,0,0
1108,30775, 16979,0,13796,0,0
1109,30919, 16948,0,13971,0,0
1110,30886, 16891,0,13995,0,0
1111,31162, 17213,0,13949,0,0
1112,30750, 16773,0,13977,0,0
1113,31160, 16863,0,14297,0,0
1114,31302, 16753,0,14549,0,0
1115,31347, 16879,0,14468,0,0
1116,31209, 16870,0,14339,0,0
1117,31331, 16710,0,14621,0,0
1118,31952, 17345,0,14607,0,0
1119,32295, 17532,0,14763,0,0
1120,32396, 17444,0,14952,0,0
1121,31551, 16726,0,14825,0,0
1122,31958, 17182,0,14776,0,0
1123,31715, 16729,0,14986,0,0
1124,31977, 16796,0,15181,0,0
1125,31893, 16849,0,15044,0,0
1126,32379, 17126,0,15253,0,0
1127,32407, 16990,0,15417,0,0
1128,32147, 16877,0,15270,0,0
1129,32357, 17008,0,15349,0,0
1130,32353, 16742,0,15611,0,0
1131,32484, 16810,0,15674,0,0
1132,32675, 17048,0,15627,0,0
1133,32652, 16997,0,15655,0,0
1134,32863, 17059,0,15804,0,0
1135,33033, 16971,0,16062,0,0
1136,33194, 17090,0,16104,0,0
1137,32987, 16692,0,16295,0,0
1138,33343, 17099,0,16244,0,0
1139,33396, 17069,0,16327,0,0
1140,33770, 17297,0,16473,0,0
1141,33579, 17199,0,16380,0,0
1142,33432, 16716,0,16716,0,0
1143,33578, 16789,0,16789,0,0
1144,34020, 17425,0,16595,0,0
1145,34007, 17365,0,16642,0,0
1146,33368, 16684,0,16684,0,0
1147,33458, 16729,0,16729,0,0
1148,33814, 16907,0,16907,0,0
1149,35798, 18870,0,16928,0,0
1150,35488, 18401,0,17087,0,0
1151,35266, 18085,0,17181,0,0
1152,35601, 18360,0,17241,0,0
1153,35338, 17983,0,17355,0,0
1154,35651, 18271,0,17380,0,0
1155,35960, 18600,0,17360,0,0
1156,36196, 18615,0,17581,0,0
1157,35851, 18277,0,17574,0,0
1158,36116, 18299,0,17817,0,0
1159,19228, 1261,0,17967,0,0
1160,19324, 1380,0,17944,0,0
1161,19409, 1553,0,17856,0,0
1162,19647, 1511,0,18136,0,0
1163,19534, 1447,0,18087,0,0
1164,19562, 1449,0,18113,0,0
1165,19763, 1581,0,18182,0,0
1166,20138, 1714,0,18424,0,0
1167,20283, 1623,0,18660,0,0
1168,20099, 1462,0,18637,0,0
1169,19750, 1274,0,18476,0,0
1170,20083, 1296,0,18787,0,0
1171,20629, 1743,0,18886,0,0
1172,20576, 1764,0,18812,0,0
1173,18796, 0,0,18796,0,0
1174,18974, 0,0,18974,0,0
1175,18939, 0,0,18939,0,0
1176,19123, 0,0,19123,0,0
1177,19223, 0,0,19223,0,0
1178,19271, 0,0,19271,0,0
1179,19315, 0,0,19315,0,0
1180,19398, 0,0,19398,0,0
1181,19514, 0,0,19514,0,0
1182,19478, 0,0,19478,0,0
1183,19695, 0,0,19695,0,0
1184,19726, 0,0,19726,0,0
1185,19826, 0,0,19826,0,0
1186,19940, 0,0,19940,0,0
1187,20005, 0,0,20005,0,0
1188,20152, 0,0,20152,0,0
1189,20110, 0,0,20110,0,0
1190,20229, 0,0,20229,0,0
1191,20365, 0,0,20365,0,0
1192,20339, 0,0,20339,0,0
1193,20472, 0,0,20472,0,0
1194,20448, 0,0,20448,0,0
1195,20556, 0,0,20556,0,0
1196,20596, 0,0,20596,0,0
1197,20732, 0,0,20732,0,0
1198,20855, 0,0,20855,0,0
1199,20825, 0,0,20825,0,0
1200,20948, 0,0,20948,0,0
1201,20961, 0,0,20961,0,0
1202,21101, 0,0,21101,0,0
1203,21180, 0,0,21180,0,0
1204,21319, 0,0,21319,0,0
1205,21333, 0,0,21333,0,0
1206,21473, 0,0,21473,0,0
1207,21540, 0,0,21540,0,0
1208,21574, 0,0,21574,0,0
1209,21694, 0,0,21694,0,0
1210,21676, 0,0,21676,0,0
1211,21770, 0,0,21770,0,0
1212,21896, 0,0,21896,0,0
1213,0, 0,0,0,0,0
1214,0, 0,0,0,0,0
1215,0, 0,0,0,0,0
1216,0, 0,0,0,0,0
1217,0, 0,0,0,0,0
1218,0, 0,0,0,0,0
1219,0, 0,0,0,0,0
1220,0, 0,0,0,0,0
1221,0, 0,0,0,0,0
1222,0, 0,0,0,0,0
1223,0, 0,0,0,0,0
1224,0, 0,0,0,0,0
1225,0, 0,0,0,0,0
1226,0, 0,0,0,0,0
1227,0, 0,0,0,0,0
1228,0, 0,0,0,0,0
1229,0, 0,0,0,0,0
1230,0, 0,0,0,0,0
1231,0, 0,0,0,0,0
1232,0, 0,0,0,0,0
1233,0, 0,0,0,0,0
1234,0, 0,0,0,0,0
1235,0, 0,0,0,0,0
1236,0, 0,0,0,0,0
1237,0, 0,0,0,0,0
1238,0, 0,0,0,0,0
1239,0, 0,0,0,0,0
1240,0, 0,0,0,0,0
1241,0, 0,0,0,0,0
1242,0, 0,0,0,0,0
1243,0, 0,0,0,0,0
1244,0, 0,0,0,0,0
1245,0, 0,0,0,0,0
1246,0, 0,0,0,0,0
1247,0, 0,0,0,0,0
1248,0, 0,0,0,0,0
1249,0, 0,0,0,0,0
1250,0, 0,0,0,0,0
1251,0, 0,0,0,0,0
1252,0, 0,0,0,0,0
1253,0, 0,0,0,0,0
1254,0, 0,0,0,0,0
1255,0, 0,0,0,0,0
1256,0, 0,0,0,0,0
1257,0, 0,0,0,0,0
1258,0, 0,0,0,0,0
1259,0, 0,0,0,0,0
1260,0, 0,0,0,0,0
1261,0, 0,0,0,0,0
1262,0, 0,0,0,0,0
1263,0, 0,0,0,0,0
1264,0, 0,0,0,0,0
1265,0, 0,0,0,0,0
1266,0, 0,0,0,0,0
1267,0, 0,0,0,0,0
1268,0, 0,0,0,0,0
1269,0, 0,0,0,0,0
1270,0, 0,0,0,0,0
1271,0, 0,0,0,0,0
1272,0, 0,0,0,0,0
1273,10185, 0,0,0,10185,0
1274,10213, 0,0,0,10213,0
1275,10139, 0,0,0,10139,0
1276,10256, 0,0,0,10256,0
1277,10234, 0,0,0,10234,0
1278,10222, 0,0,0,10222,0
1279,10192, 0,0,0,10192,0
1280,10138, 0,0,0,10138,0
1281,10147, 0,0,0,10147,0
1282,10331, 0,0,0,10331,0
1283,10127, 0,0,0,10127,0
1284,10276, 0,0,0,10276,0
1285,10256, 0,0,0,10256,0
1286,10365, 0,0,0,10365,0
1287,10294, 0,0,0,10294,0
1288,10126, 0,0,0,10126,0
1289,10226, 0,0,0,10226,0
1290,10200, 0,0,0,10200,0
1291,10309, 0,0,0,10309,0
1292,10336, 0,0,0,10336,0
1293,10174, 0,0,0,10174,0
1294,10140, 0,0,0,10140,0
1295,10162, 0,0,0,10162,0
1296,10235, 0,0,0,10235,0
1297,10134, 0,0,0,10134,0
1298,10190, 0,0,0,10190,0
1299,10267, 0,0,0,10267,0
1300,10258, 0,0,0,10258,0
1301,10187, 0,0,0,10187,0
1302,10199, 0,0,0,10199,0
1303,10258, 0,0,0,10258,0
1304,10230, 0,0,0,10230,0
1305,10273, 0,0,0,10273,0
1306,10379, 0,0,0,10379,0
1307,10248, 0,0,0,10248,0
1308,10323, 0,0,0,10323,0
1309,10346, 0,0,0,10346,0
1310,10228, 0,0,0,10228,0
1311,10173, 0,0,0,10173,0
1312,10248, 0,0,0,10248,0
1313,10324, 0,0,0,10324,0
1314,10140, 0,0,0,10140,0
1315,10164, 0,0,0,10164,0
1316,10233, 0,0,0,10233,0
1317,10228, 0,0,0,10228,0
1318,10201, 0,0,0,10201,0
1319,10135, 0,0,0,10135,0
1320,10204, 0,0,0,10204,0
1321,10255, 0,0,0,10255,0
1322,10140, 0,0,0,10140,0
1323,10158, 0,0,0,10158,0
1324,10231, 0,0,0,10231,0
1325,10148, 0,0,0,10148,0
1326,10157, 0,0,0,10157,0
1327,10307, 0,0,0,10307,0
1328,10335, 0,0,0,10335,0
1329,10306, 0,0,0,10306,0
1330,10178, 0,0,0,10178,0
1331,10318, 0,0,0,10318,0
1332,10221, 0,0,0,10221,0
1333,10372, 0,0,0,10372,0
1334,10132, 0,0,0,10132,0
1335,10336, 0,0,0,10336,0
1336,10207, 0,0,0,10207,0
1337,10271, 0,0,0,10271,0
1338,10162, 0,0,0,10162,0
1339,10274, 0,0,0,10274,0
1340,10260, 0,0,0,10260,0
1341,10166, 0,0,0,10166,0
1342,10191, 0,0,0,10191,0
1343,10148, 0,0,0,10148,0
1344,10193, 0,0,0,10193,0
1345,10180, 0,0,0,10180,0
1346,10206, 0,0,0,10206,0
1347,10182, 0,0,0,10182,0
1348,10154, 0,0,0,10154,0
1349,10133, 0,0,0,10133,0
1350,10140, 0,0,0,10140,0
1351,10169, 0,0,0,10169,0
1352,10160, 0,0,0,10160,0
1353,10128, 0,0,0,10128,0
1354,10204, 0,0,0,10204,0
1355,10168, 0,0,0,10168,0
1356,10165, 0,0,0,10165,0
1357,10210, 0,0,0,10210,0
1358,10223, 0,0,0,10223,0
1359,10150, 0,0,0,10150,0
1360,10181, 0,0,0,10181,0
1361,10174, 0,0,0,10174,0
1362,10157, 0,0,0,10157,0
1363,10209, 0,0,0,10209,0
1364,10191, 0,0,0,10191,0
1365,10190, 0,0,0,10190,0
1366,10179, 0,0,0,10179,0
1367,10213, 0,0,0,10213,0
1368,10171, 0,0,0,10171,0
1369,10156, 0,0,0,10156,0
1370,10125, 0,0,0,10125,0
1371,10156, 0,0,0,10156,0
1372,10123, 0,0,0,10123,0
1373,10142, 0,0,0,10142,0
1374,10133, 0,0,0,10133,0
1375,10122, 0,0,0,10122,0
1376,10170, 0,0,0,10170,0
1377,19551, 0,0,0,10196,9355
1378,19506, 0,0,0,10126,9380
1379,19590, 0,0,0,10182,9408
1380,19536, 0,0,0,10233,9303
1381,19477, 0,0,0,10142,9335
1382,19507, 0,0,0,10149,9358
1383,19548, 0,0,0,10150,9398
1384,19497, 0,0,0,10144,9353
1385,19586, 0,0,0,10230,9356
1386,19532, 0,0,0,10207,9325
1387,19535, 0,0,0,10203,9332
1388,19551, 0,0,0,10185,9366
1389,19612, 0,0,0,10203,9409
1390,19551, 0,0,0,10158,9393
1391,19516, 0,0,0,10208,9308
1392,19500, 0,0,0,10127,9373
1393,19543, 0,0,0,10129,9414
1394,19586, 0,0,0,10235,9351
1395,19581, 0,0,0,10182,9399
1396,19661, 0,0,0,10229,9432
1397,19640, 0,0,0,10201,9439
1398,19586, 0,0,0,10242,9344
1399,19736, 0,0,0,10297,9439
1400,19552, 0,0,0,10167,9385
1401,19805, 0,0,0,10333,9472
1402,19833, 0,0,0,10324,9509
1403,19653, 0,0,0,10344,9309
1404,19496, 0,0,0,10160,9336
1405,19790, 0,0,0,10204,9586
1406,19678, 0,0,0,10293,9385
1407,19510, 0,0,0,10179,9331
1408,19558, 0,0,0,10150,9408
1409,19509, 0,0,0,10188,9321
1410,19679, 0,0,0,10267,9412
1411,19453, 0,0,0,10140,9313
1412,19749, 0,0,0,10262,9487
1413,19478, 0,0,0,10121,9357
1414,19651, 0,0,0,10225,9426
1415,19577, 0,0,0,10141,9436
1416,19661, 0,0,0,10240,9421
1417,19617, 0,0,0,10172,9445
1418,19540, 0,0,0,10132,9408
1419,19598, 0,0,0,10251,9347
1420,19525, 0,0,0,10166,9359
1421,19603, 0,0,0,10243,9360
1422,19575, 0,0,0,10272,9303
1423,19761, 0,0,0,10351,9410
1424,19723, 0,0,0,10278,9445
1425,19651, 0,0,0,10253,9398
1426,19475, 0,0,0,10149,9326
1427,19479, 0,0,0,10163,9316
1428,19832, 0,0,0,10226,9606
1429,19804, 0,0,0,10202,9602
1430,19660, 0,0,0,10147,9513
1431,19727, 0,0,0,10319,9408
1432,19623, 0,0,0,10194,9429
1433,19619, 0,0,0,10156,9463
1434,19597, 0,0,0,10129,9468
1435,19554, 0,0,0,10202,9352
1436,19688, 0,0,0,10238,9450
1437,19654, 0,0,0,10191,9463
1438,19685, 0,0,0,10236,9449
1439,19598, 0,0,0,10238,9360
1440,19587, 0,0,0,10146,9441
1441,19561, 0,0,0,10232,9329
1442,19556, 0,0,0,10229,9327
1443,19528, 0,0,0,10208,9320
1444,19601, 0,0,0,10253,9348
1445,19593, 0,0,0,10222,9371
1446,19755, 0,0,0,10265,9490
1447,19577, 0,0,0,10142,9435
1448,19525, 0,0,0,10164,9361
1449,19586, 0,0,0,10245,9341
1450,19580, 0,0,0,10204,9376
1451,19677, 0,0,0,10370,9307
1452,19644, 0,0,0,10262,9382
1453,19637, 0,0,0,10125,9512
1454,19840, 0,0,0,10378,9462
1455,19687, 0,0,0,10312,9375
1456,19485, 0,0,0,10122,9363
1457,19665, 0,0,0,10164,9501
1458,19681, 0,0,0,10172,9509
1459,19797, 0,0,0,10320,9477
1460,19728, 0,0,0,10275,9453
1461,19593, 0,0,0,10173,9420
1462,19508, 0,0,0,10157,9351
1463,10128, 0,0,0,10128,0
1464,10209, 0,0,0,10209,0
1465,10218, 0,0,0,10218,0
1466,10183, 0,0,0,10183,0
1467,10227, 0,0,0,10227,0
1468,10223, 0,0,0,10223,0
1469,10167, 0,0,0,10167,0
1470,10143, 0,0,0,10143,0
1471,10122, 0,0,0,10122,0
1472,10249, 0,0,0,10249,0
1473,10216, 0,0,0,10216,0
1474,10322, 0,0,0,10322,0
1475,10338, 0,0,0,10338,0
1476,10302, 0,0,0,10302,0
1477,10396, 0,0,0,10396,0
1478,10231, 0,0,0,10231,0
1479,10141, 0,0,0,10141,0
1480,10247, 0,0,0,10247,0
1481,10179, 0,0,0,10179,0
1482,10174, 0,0,0,10174,0
1483,10200, 0,0,0,10200,0
1484,10147, 0,0,0,10147,0
1485,10232, 0,0,0,10232,0
1486,10224, 0,0,0,10224,0
1487,10224, 0,0,0,10224,0
1488,10201, 0,0,0,10201,0
1489,10146, 0,0,0,10146,0
1490,10217, 0,0,0,10217,0
1491,10127, 0,0,0,10127,0
1492,10207, 0,0,0,10207,0
1493,10263, 0,0,0,10263,0
1494,10202, 0,0,0,10202,0
1495,10273, 0,0,0,10273,0
1496,10236, 0,0,0,10236,0
1497,10252, 0,0,0,10252,0
1498,10174, 0,0,0,10174,0
1499,10133, 0,0,0,10133,0
1500,10362, 0,0,0,10362,0
1501,10298, 0,0,0,10298,0
1502,10171, 0,0,0,10171,0
1503,10267, 0,0,0,10267,0
1504,10309, 0,0,0,10309,0
1505,10178, 0,0,0,10178,0
1506,10273, 0,0,0,10273,0
1507,10123, 0,0,0,10123,0
1508,10197, 0,0,0,10197,0
1509,10151, 0,0,0,10151,0
1510,10221, 0,0,0,10221,0
1511,10190, 0,0,0,10190,0
1512,10193, 0,0,0,10193,0
1513,10202, 0,0,0,10202,0
1514,10186, 0,0,0,10186,0
1515,10122, 0,0,0,10122,0
1516,10181, 0,0,0,10181,0
1517,10142, 0,0,0,10142,0
1518,10133, 0,0,0,10133,0
1519,10199, 0,0,0,10199,0
1520,10240, 0,0,0,10240,0
1521,10149, 0,0,0,10149,0
1522,10195, 0,0,0,10195,0
1523,10240, 0,0,0,10240,0
1524,10153, 0,0,0,10153,0
1525,10175, 0,0,0,10175,0
1526,10243, 0,0,0,10243,0
1527,10133, 0,0,0,10133,0
1528,10137, 0,0,0,10137,0
1529,10195, 0,0,0,10195,0
1530,10179, 0,0,0,10179,0
1531,10184, 0,0,0,10184,0
1532,10231, 0,0,0,10231,0
1533,10221, 0,0,0,10221,0
1534,10216, 0,0,0,10216,0
1535,10206, 0,0,0,10206,0
1536,10175, 0,0,0,10175,0
1537,10202, 0,0,0,10202,0
1538,10163, 0,0,0,10163,0
1539,10150, 0,0,0,10150,0
1540,10141, 0,0,0,10141,0
1541,10128, 0,0,0,10128,0
1542,10192, 0,0,0,10192,0
1543,10189, 0,0,0,10189,0
1544,10200, 0,0,0,10200,0
1545,10160, 0,0,0,10160,0
1546,10215, 0,0,0,10215,0
1547,10187, 0,0,0,10187,0
1548,10167, 0,0,0,10167,0
1549,10241, 0,0,0,10241,0
1550,10149, 0,0,0,10149,0
1551,10185, 0,0,0,10185,0
1552,10187, 0,0,0,10187,0
1553,10198, 0,0,0,10198,0
1554,10155, 0,0,0,10155,0
1555,10132, 0,0,0,10132,0
1556,10132, 0,0,0,10132,0
1557,10139, 0,0,0,10139,0
1558,10161, 0,0,0,10161,0
1559,10166, 0,0,0,10166,0
1560,10224, 0,0,0,10224,0
1561,10124, 0,0,0,10124,0
1562,10242, 0,0,0,10242,0
1563,10251, 0,0,0,10251,0
1564,10211, 0,0,0,10211,0
1565,10239, 0,0,0,10239,0
1566,10311, 0,0,0,10311,0
1567,10331, 0,0,0,10331,0
1568,10303, 0,0,0,10303,0
1569,10136, 0,0,0,10136,0
1570,10194, 0,0,0,10194,0
1571,10143, 0,0,0,10143,0
1572,10265, 0,0,0,10265,0
1573,10373, 0,0,0,10373,0
1574,10401, 0,0,0,10401,0
1575,10380, 0,0,0,10380,0
1576,10278, 0,0,0,10278,0
1577,10129, 0,0,0,10129,0
1578,10146, 0,0,0,10146,0
1579,10194, 0,0,0,10194,0
1580,10280, 0,0,0,10280,0
1581,10201, 0,0,0,10201,0
1582,10201, 0,0,0,10201,0
1583,10202, 0,0,0,10202,0
1584,10149, 0,0,0,10149,0
1585,10150, 0,0,0,10150,0
1586,10246, 0,0,0,10246,0
1587,10152, 0,0,0,10152,0
1588,10241, 0,0,0,10241,0
1589,10282, 0,0,0,10282,0
1590,10245, 0,0,0,10245,0
1591,10201, 0,0,0,10201,0
1592,10149, 0,0,0,10149,0
1593,10315, 0,0,0,10315,0
1594,10174, 0,0,0,10174,0
1595,10161, 0,0,0,10161,0
1596,10330, 0,0,0,10330,0
1597,10384, 0,0,0,10384,0
1598,10310, 0,0,0,10310,0
1599,10280, 0,0,0,10280,0
1600,10135, 0,0,0,10135,0
1601,10123, 0,0,0,10123,0
1602,10243, 0,0,0,10243,0
1603,10323, 0,0,0,10323,0
1604,10123, 0,0,0,10123,0
1605,10169, 0,0,0,10169,0
1606,10217, 0,0,0,10217,0
1607,10134, 0,0,0,10134,0
1608,10214, 0,0,0,10214,0
1609,10224, 0,0,0,10224,0
1610,10235, 0,0,0,10235,0
1611,10203, 0,0,0,10203,0
1612,10180, 0,0,0,10180,0
1613,10123, 0,0,0,10123,0
1614,10211, 0,0,0,10211,0
1615,10316, 0,0,0,10316,0
1616,10373, 0,0,0,10373,0
1617,10422, 0,0,0,10422,0
1618,10192, 0,0,0,10192,0
1619,10245, 0,0,0,10245,0
1620,10301, 0,0,0,10301,0
1621,10332, 0,0,0,10332,0
1622,10188, 0,0,0,10188,0
1623,10390, 0,0,0,10390,0
1624,10293, 0,0,0,10293,0
1625,10232, 0,0,0,10232,0
1626,10311, 0,0,0,10311,0
1627,10315, 0,0,0,10315,0
1628,10220, 0,0,0,10220,0
1629,10239, 0,0,0,10239,0
1630,10182, 0,0,0,10182,0
1631,10188, 0,0,0,10188,0
1632,10227, 0,0,0,10227,0
1633,10336, 0,0,0,10336,0
1634,10262, 0,0,0,10262,0
1635,10261, 0,0,0,10261,0
1636,10157, 0,0,0,10157,0
1637,10270, 0,0,0,10270,0
1638,10346, 0,0,0,10346,0
1639,10128, 0,0,0,10128,0
1640,10416, 0,0,0,10416,0
1641,10319, 0,0,0,10319,0
1642,10126, 0,0,0,10126,0
1643,10288, 0,0,0,10288,0
1644,10192, 0,0,0,10192,0
1645,10166, 0,0,0,10166,0
1646,10223, 0,0,0,10223,0
1647,10191, 0,0,0,10191,0
1648,10121, 0,0,0,10121,0
1649,10321, 0,0,0,10321,0
1650,10330, 0,0,0,10330,0
1651,10189, 0,0,0,10189,0
1652,10155, 0,0,0,10155,0
1653,10320, 0,0,0,10320,0
1654,10165, 0,0,0,10165,0
1655,10133, 0,0,0,10133,0
1656,10247, 0,0,0,10247,0
1657,10278, 0,0,0,10278,0
1658,10289, 0,0,0,10289,0
1659,10308, 0,0,0,10308,0
1660,10300, 0,0,0,10300,0
1661,10271, 0,0,0,10271,0
1662,10263, 0,0,0,10263,0
1663,10187, 0,0,0,10187,0
1664,10214, 0,0,0,10214,0
1665,10418, 0,0,0,10418,0
1666,10385, 0,0,0,10385,0
1667,10328, 0,0,0,10328,0
1668,10312, 0,0,0,10312,0
1669,10400, 0,0,0,10400,0
1670,10330, 0,0,0,10330,0
1671,10139, 0,0,0,10139,0
1672,10273, 0,0,0,10273,0
1673,10310, 0,0,0,10310,0
1674,10161, 0,0,0,10161,0
1675,10289, 0,0,0,10289,0
1676,10291, 0,0,0,10291,0
1677,10193, 0,0,0,10193,0
1678,10131, 0,0,0,10131,0
1679,10264, 0,0,0,10264,0
1680,10224, 0,0,0,10224,0
1681,10247, 0,0,0,10247,0
1682,10253, 0,0,0,10253,0
1683,10205, 0,0,0,10205,0
1684,10239, 0,0,0,10239,0
1685,10248, 0,0,0,10248,0
1686,10208, 0,0,0,10208,0
1687,10257, 0,0,0,10257,0
1688,10258, 0,0,0,10258,0
1689,10189, 0,0,0,10189,0
1690,10217, 0,0,0,10217,0
1691,10208, 0,0,0,10208,0
1692,10260, 0,0,0,10260,0
1693,10166, 0,0,0,10166,0
1694,10229, 0,0,0,10229,0
1695,10206, 0,0,0,10206,0
1696,10148, 0,0,0,10148,0
1697,10210, 0,0,0,10210,0
1698,10202, 0,0,0,10202,0
1699,10158, 0,0,0,10158,0
1700,10195, 0,0,0,10195,0
1701,10216, 0,0,0,10216,0
1702,10277, 0,0,0,10277,0
1703,10156, 0,0,0,10156,0
1704,10312, 0,0,0,10312,0
1705,10236, 0,0,0,10236,0
1706,10265, 0,0,0,10265,0
1707,10215, 0,0,0,10215,0
1708,10220, 0,0,0,10220,0
1709,10252, 0,0,0,10252,0
1710,10203, 0,0,0,10203,0
1711,10231, 0,0,0,10231,0
1712,10132, 0,0,0,10132,0
1713,10148, 0,0,0,10148,0
1714,10160, 0,0,0,10160,0
1715,10243, 0,0,0,10243,0
1716,10266, 0,0,0,10266,0
1717,10177, 0,0,0,10177,0
1718,10180, 0,0,0,10180,0
1719,10221, 0,0,0,10221,0
1720,10212, 0,0,0,10212,0
1721,10129, 0,0,0,10129,0
1722,10265, 0,0,0,10265,0
1723,10243, 0,0,0,10243,0
1724,10316, 0,0,0,10316,0
1725,10281, 0,0,0,10281,0
1726,10151, 0,0,0,10151,0
1727,10276, 0,0,0,10276,0
1728,10213, 0,0,0,10213,0
1729,10233, 0,0,0,10233,0
1730,10181, 0,0,0,10181,0
1731,10288, 0,0,0,10288,0
1732,10138, 0,0,0,10138,0
1733,10188, 0,0,0,10188,0
1734,10183, 0,0,0,10183,0
1735,10235, 0,0,0,10235,0
1736,10289, 0,0,0,10289,0
1737,10357, 0,0,0,10357,0
1738,10288, 0,0,0,10288,0
1739,10341, 0,0,0,10341,0
1740,10306, 0,0,0,10306,0
1741,10263, 0,0,0,10263,0
1742,10147, 0,0,0,10147,0
1743,10401, 0,0,0,10401,0
1744,10177, 0,0,0,10177,0
1745,10269, 0,0,0,10269,0
1746,10379, 0,0,0,10379,0
1747,10174, 0,0,0,10174,0
1748,10219, 0,0,0,10219,0
1749,10212, 0,0,0,10212,0
1750,10130, 0,0,0,10130,0
1751,10224, 0,0,0,10224,0
1752,10223, 0,0,0,10223,0
1753,10308, 0,0,0,10308,0
1754,10232, 0,0,0,10232,0
1755,10252, 0,0,0,10252,0
1756,10314, 0,0,0,10314,0
1757,10309, 0,0,0,10309,0
1758,10172, 0,0,0,10172,0
1759,10287, 0,0,0,10287,0
1760,10182, 0,0,0,10182,0
1761,10193, 0,0,0,10193,0
1762,10314, 0,0,0,10314,0
1763,10329, 0,0,0,10329,0
1764,10302, 0,0,0,10302,0
1765,10364, 0,0,0,10364,0
1766,10185, 0,0,0,10185,0
