hour,group1,group2
0,800000,200000
1,800000,200000
2,800000,200000
3,800000,200000
4,800000,200000
5,800000,200000
6,800000,200000
7,800000,200000
8,800000,200000
9,800000,200000
10,800000,200000
11,800000,200000
12,800000,200000
13,800000,200000
14,800000,200000
15,800000,200000
16,800000,200000
17,800000,200000
18,800000,200000
19,800000,200000
20,800000,200000
21,800000,200000
22,800000,200000
23,800000,200000
24,800000,200000
25,800000,200000
26,800000,200000
27,800000,200000
28,800000,200000
29,800000,200000
30,800000,200000
31,800000,200000
32,800000,200000
33,800000,200000
34,800000,200000
35,800000,200000
36,800000,200000
37,800000,200000
38,800000,200000
39,800000,200000
40,800000,200000
41,800000,200000
42,800000,200000
43,800000,200000
44,800000,200000
45,800000,200000
46,800000,200000
47,800000,200000
48,800000,200000
49,800000,200000
50,800000,200000
51,800000,200000
52,800000,200000
53,800000,200000
54,800000,200000
55,800000,200000
56,800000,200000
57,800000,200000
58,800000,200000
59,800000,200000
60,800000,200000
61,800000,200000
62,800000,200000
63,800000,200000
64,800000,200000
65,800000,200000
66,800000,200000
67,800000,200000
68,800000,200000
69,800000,200000
70,800000,200000
71,800000,200000
72,800000,200000
73,800000,200000
74,800000,200000
75,800000,200000
76,800000,200000
77,800000,200000
78,800000,200000
79,800000,200000
80,800000,200000
81,800000,200000
82,800000,200000
83,800000,200000
84,800000,200000
85,800000,200000
86,800000,200000
87,800000,200000
88,800000,200000
89,800000,200000
90,800000,200000
91,800000,200000
92,800000,200000
93,800000,200000
94,800000,200000
95,800000,200000
96,800000,200000
97,800000,200000
98,800000,200000
99,800000,200000
100,800000,200000
101,800000,200000
102,800000,200000
103,800000,200000
104,800000,200000
105,800000,200000
106,800000,200000
107,800000,200000
108,800000,200000
109,800000,200000
110,800000,200000
111,800000,200000
112,800000,200000
113,800000,200000
114,800000,200000
115,800000,200000
116,800000,200000
117,800000,200000
118,800000,200000
119,800000,200000
120,800000,200000
121,800000,200000
122,800000,200000
123,800000,200000
124,800000,200000
125,800000,200000
126,800000,200000
127,800000,200000
128,800000,200000
129,800000,200000
130,800000,200000
131,800000,200000
132,800000,200000
133,800000,200000
134,800000,200000
135,800000,200000
136,800000,200000
137,800000,200000
138,800000,200000
139,800000,200000
140,800000,200000
141,800000,200000
142,800000,200000
143,800000,200000
144,800000,200000
145,800000,200000
146,800000,200000
147,800000,200000
148,800000,200000
149,800000,200000
150,800000,200000
151,800000,200000
152,800000,200000
153,800000,200000
154,800000,200000
155,800000,200000
156,800000,200000
157,800000,200000
158,800000,200000
159,800000,200000
160,800000,200000
161,800000,200000
162,800000,200000
163,800000,200000
164,800000,200000
165,800000,200000
166,800000,200000
167,800000,200000
168,800000,200000
169,800000,200000
170,800000,200000
171,800000,200000
172,800000,200000
173,800000,200000
174,800000,200000
175,800000,200000
176,800000,200000
177,800000,200000
178,800000,200000
179,800000,200000
180,800000,200000
181,800000,200000
182,800000,200000
183,800000,200000
184,800000,200000
185,800000,200000
186,800000,200000
187,800000,200000
188,800000,200000
189,800000,200000
190,800000,200000
191,800000,200000
192,800000,200000
193,800000,200000
194,800000,200000
195,800000,200000
196,800000,200000
197,800000,200000
198,800000,200000
199,800000,200000
200,800000,200000
201,800000,200000
202,800000,200000
203,800000,200000
204,800000,200000
205,800000,200000
206,800000,200000
207,800000,200000
208,800000,200000
209,800000,200000
210,800000,200000
211,800000,200000
212,800000,200000
213,800000,200000
214,800000,200000
215,800000,200000
216,800000,200000
217,800000,200000
218,800000,200000
219,800000,200000
220,800000,200000
221,800000,200000
222,800000,200000
223,800000,200000
224,800000,200000
225,800000,200000
226,800000,200000
227,800000,200000
228,800000,200000
229,800000,200000
230,800000,200000
231,800000,200000
232,800000,200000
233,800000,200000
234,800000,200000
235,800000,200000
236,800000,200000
237,800000,200000
238,800000,200000
239,800000,200000
240,800000,200000
241,800000,200000
242,800000,200000
243,800000,200000
244,800000,200000
245,800000,200000
246,800000,200000
247,800000,200000
248,800000,200000
249,800000,200000
250,800000,200000
251,800000,200000
252,800000,200000
253,800000,200000
254,800000,200000
255,800000,200000
256,800000,200000
257,800000,200000
258,800000,200000
259,800000,200000
260,800000,200000
261,800000,200000
262,800000,200000
263,800000,200000
264,800000,200000
265,800000,200000
266,800000,200000
267,800000,200000
268,800000,200000
269,800000,200000
270,800000,200000
271,800000,200000
272,800000,200000
273,800000,200000
274,800000,200000
275,800000,200000
276,800000,200000
277,800000,200000
278,800000,200000
279,800000,200000
280,800000,200000
281,800000,200000
282,800000,200000
283,800000,200000
284,800000,200000
285,800000,200000
286,800000,200000
287,800000,200000
288,800000,200000
289,800000,200000
290,800000,200000
291,800000,200000
292,800000,200000
293,800000,200000
294,800000,200000
295,800000,200000
296,800000,200000
297,800000,200000
298,800000,200000
299,800000,200000
300,800000,200000
301,800000,200000
302,800000,200000
303,800000,200000
304,800000,200000
305,800000,200000
306,800000,200000
307,800000,200000
308,800000,200000
309,800000,200000
310,800000,200000
311,800000,200000
312,800000,200000
313,800000,200000
314,800000,200000
315,800000,200000
316,800000,200000
317,800000,200000
318,800000,200000
319,800000,200000
320,800000,200000
321,800000,200000
322,800000,200000
323,800000,200000
324,800000,200000
325,800000,200000
326,800000,200000
327,800000,200000
328,800000,200000
329,800000,200000
330,800000,200000
331,800000,200000
332,800000,200000
333,800000,200000
334,800000,200000
335,800000,200000
336,800000,200000
337,800000,200000
338,800000,200000
339,800000,200000
340,800000,200000
341,800000,200000
342,800000,200000
343,800000,200000
344,800000,200000
345,800000,200000
346,800000,200000
347,800000,200000
348,800000,200000
349,800000,200000
350,800000,200000
351,800000,200000
352,800000,200000
353,800000,200000
354,800000,200000
355,800000,200000
356,800000,200000
357,800000,200000
358,800000,200000
359,800000,200000
360,800000,200000
361,800000,200000
362,800000,200000
363,800000,200000
364,800000,200000
365,800000,200000
366,800000,200000
367,800000,200000
368,800000,200000
369,800000,200000
370,800000,200000
371,800000,200000
372,800000,200000
373,800000,200000
374,800000,200000
375,800000,200000
376,800000,200000
377,800000,200000
378,800000,200000
379,800000,200000
380,800000,200000
381,800000,200000
382,800000,200000
383,800000,200000
384,800000,200000
385,800000,200000
386,800000,200000
387,800000,200000
388,800000,200000
389,800000,200000
390,800000,200000
391,800000,200000
392,800000,200000
393,800000,200000
394,800000,200000
395,800000,200000
396,800000,200000
397,800000,200000
398,800000,200000
399,800000,200000
400,800000,200000
401,800000,200000
402,800000,200000
403,800000,200000
404,800000,200000
405,800000,200000
406,800000,200000
407,800000,200000
408,800000,200000
409,800000,200000
410,800000,200000
411,800000,200000
412,800000,200000
413,800000,200000
414,800000,200000
415,800000,200000
416,800000,200000
417,800000,200000
418,800000,200000
419,800000,200000
420,800000,200000
421,800000,200000
422,800000,200000
423,800000,200000
424,800000,200000
425,800000,200000
426,800000,200000
427,800000,200000
428,800000,200000
429,800000,200000
430,800000,200000
431,800000,200000
432,800000,200000
433,800000,200000
434,800000,200000
435,800000,200000
436,800000,200000
437,800000,200000
438,800000,200000
439,800000,200000
440,800000,200000
441,800000,200000
442,800000,200000
443,800000,200000
444,800000,200000
445,800000,200000
446,800000,200000
447,800000,200000
448,800000,200000
449,800000,200000
450,800000,200000
451,800000,200000
452,800000,200000
453,800000,200000
454,800000,200000
455,800000,200000
456,800000,200000
457,800000,200000
458,800000,200000
459,800000,200000
460,800000,200000
461,800000,200000
462,800000,200000
463,800000,200000
464,800000,200000
465,800000,200000
466,800000,200000
467,800000,200000
468,800000,200000
469,800000,200000
470,800000,200000
471,800000,200000
472,800000,200000
473,800000,200000
474,800000,200000
475,800000,200000
476,800000,200000
477,800000,200000
478,800000,200000
479,800000,200000
480,800000,200000
481,800000,200000
482,800000,200000
483,800000,200000
484,800000,200000
485,800000,200000
486,800000,200000
487,800000,200000
488,800000,200000
489,800000,200000
490,800000,200000
491,800000,200000
492,800000,200000
493,800000,200000
494,800000,200000
495,800000,200000
496,800000,200000
497,800000,200000
498,800000,200000
499,800000,200000
500,800000,200000
501,800000,200000
502,800000,200000
503,800000,200000
504,800000,200000
505,800000,200000
506,800000,200000
507,800000,200000
508,800000,200000
509,800000,200000
510,800000,200000
511,800000,200000
512,800000,200000
513,800000,200000
514,800000,200000
515,800000,200000
516,800000,200000
517,800000,200000
518,800000,200000
519,800000,200000
520,800000,200000
521,800000,200000
522,800000,200000
523,800000,200000
524,800000,200000
525,800000,200000
526,800000,200000
527,800000,200000
528,800000,200000
529,800000,200000
530,800000,200000
531,800000,200000
532,800000,200000
533,800000,200000
534,800000,200000
535,800000,200000
536,800000,200000
537,800000,200000
538,800000,200000
539,800000,200000
540,800000,200000
541,800000,200000
542,800000,200000
543,800000,200000
544,800000,200000
545,800000,200000
546,800000,200000
547,800000,200000
548,800000,200000
549,800000,200000
550,800000,200000
551,800000,200000
552,800000,200000
553,800000,200000
554,800000,200000
555,800000,200000
556,800000,200000
557,800000,200000
558,800000,200000
559,800000,200000
560,800000,200000
561,800000,200000
562,800000,200000
563,800000,200000
564,800000,200000
565,800000,200000
566,800000,200000
567,800000,200000
568,800000,200000
569,800000,200000
570,800000,200000
571,800000,200000
572,800000,200000
573,800000,200000
574,800000,200000
575,800000,200000
576,800000,200000
577,800000,200000
578,800000,200000
579,800000,200000
580,800000,200000
581,800000,200000
582,800000,200000
583,800000,200000
584,800000,200000
585,800000,200000
586,800000,200000
587,800000,200000
588,800000,200000
589,800000,200000
590,800000,200000
591,800000,200000
592,800000,200000
593,800000,200000
594,800000,200000
595,800000,200000
596,800000,200000
597,800000,200000
598,800000,200000
599,800000,200000
600,800000,200000
601,800000,200000
602,800000,200000
603,800000,200000
604,800000,200000
605,800000,200000
606,800000,200000
607,800000,200000
608,800000,200000
609,800000,200000
610,800000,200000
611,800000,200000
612,800000,200000
613,800000,200000
614,800000,200000
615,800000,200000
616,800000,200000
617,800000,200000
618,800000,200000
619,800000,200000
620,800000,200000
621,800000,200000
622,800000,200000
623,800000,200000
624,800000,200000
625,800000,200000
626,800000,200000
627,800000,200000
628,800000,200000
629,800000,200000
630,800000,200000
631,800000,200000
632,800000,200000
633,800000,200000
634,800000,200000
635,800000,200000
636,800000,200000
637,800000,200000
638,800000,200000
639,800000,200000
640,800000,200000
641,800000,200000
642,800000,200000
643,800000,200000
644,800000,200000
645,800000,200000
646,800000,200000
647,800000,200000
648,800000,200000
649,800000,200000
650,800000,200000
651,800000,200000
652,800000,200000
653,800000,200000
654,800000,200000
655,800000,200000
656,800000,200000
657,800000,200000
658,800000,200000
659,800000,200000
660,800000,200000
661,800000,200000
662,800000,200000
663,800000,200000
664,800000,200000
665,800000,200000
666,800000,200000
667,800000,200000
668,800000,200000
669,800000,200000
670,800000,200000
671,800000,200000
672,800000,200000
673,800000,200000
674,800000,200000
675,800000,200000
676,800000,200000
677,800000,200000
678,800000,200000
679,800000,200000
680,800000,200000
681,800000,200000
682,800000,200000
683,800000,200000
684,800000,200000
685,800000,200000
686,800000,200000
687,800000,200000
688,800000,200000
689,800000,200000
690,800000,200000
691,800000,200000
692,800000,200000
693,800000,200000
694,800000,200000
695,800000,200000
696,800000,200000
697,800000,200000
698,800000,200000
699,800000,200000
700,800000,200000
701,800000,200000
702,800000,200000
703,800000,200000
704,800000,200000
705,800000,200000
706,800000,200000
707,800000,200000
708,800000,200000
709,800000,200000
710,800000,200000
711,800000,200000
712,800000,200000
713,800000,200000
714,800000,200000
715,800000,200000
716,800000,200000
717,800000,200000
718,800000,200000
719,800000,200000
720,800000,200000
721,800000,200000
722,800000,200000
723,800000,200000
724,800000,200000
725,800000,200000
726,800000,200000
727,800000,200000
728,800000,200000
729,800000,200000
730,800000,200000
731,800000,200000
732,800000,200000
733,800000,200000
734,800000,200000
735,800000,200000
736,800000,200000
737,800000,200000
738,800000,200000
739,800000,200000
740,800000,200000
741,800000,200000
742,800000,200000
743,800000,200000
744,800000,200000
745,800000,200000
746,800000,200000
747,800000,200000
748,800000,200000
749,800000,200000
750,800000,200000
751,800000,200000
752,800000,200000
753,800000,200000
754,800000,200000
755,800000,200000
756,800000,200000
757,800000,200000
758,800000,200000
759,800000,200000
760,800000,200000
761,800000,200000
762,800000,200000
763,800000,200000
764,800000,200000
765,800000,200000
766,800000,200000
767,800000,200000
768,800000,200000
769,800000,200000
770,800000,200000
771,800000,200000
772,800000,200000
773,800000,200000
774,800000,200000
775,800000,200000
776,800000,200000
777,800000,200000
778,800000,200000
779,800000,200000
780,800000,200000
781,800000,200000
782,800000,200000
783,800000,200000
784,800000,200000
785,800000,200000
786,800000,200000
787,800000,200000
788,800000,200000
789,800000,200000
790,800000,200000
791,800000,200000
792,800000,200000
793,800000,200000
794,800000,200000
795,800000,200000
796,800000,200000
797,800000,200000
798,800000,200000
799,800000,200000
800,800000,200000
801,800000,200000
802,800000,200000
803,800000,200000
804,800000,200000
805,800000,200000
806,800000,200000
807,800000,200000
808,800000,200000
809,800000,200000
810,800000,200000
811,800000,200000
812,800000,200000
813,800000,200000
814,800000,200000
815,800000,200000
816,800000,200000
817,800000,200000
818,800000,200000
819,800000,200000
820,800000,200000
821,800000,200000
822,800000,200000
823,800000,200000
824,800000,200000
825,800000,200000
826,800000,200000
827,800000,200000
828,800000,200000
829,800000,200000
830,800000,200000
831,800000,200000
832,800000,200000
833,800000,200000
834,800000,200000
835,800000,200000
836,800000,200000
837,800000,200000
838,800000,200000
839,800000,200000
840,800000,200000
841,800000,200000
842,800000,200000
843,800000,200000
844,800000,200000
845,800000,200000
846,800000,200000
847,800000,200000
848,800000,200000
849,800000,200000
850,800000,200000
851,800000,200000
852,800000,200000
853,800000,200000
854,800000,200000
855,800000,200000
856,800000,200000
857,800000,200000
858,800000,200000
859,800000,200000
860,800000,200000
861,800000,200000
862,800000,200000
863,800000,200000
864,800000,200000
865,800000,200000
866,800000,200000
867,800000,200000
868,800000,200000
869,800000,200000
870,800000,200000
871,800000,200000
872,800000,200000
873,800000,200000
874,800000,200000
875,800000,200000
876,800000,200000
877,800000,200000
878,800000,200000
879,800000,200000
880,800000,200000
881,800000,200000
882,800000,200000
883,800000,200000
884,800000,200000
885,800000,200000
886,800000,200000
887,800000,200000
888,800000,200000
889,800000,200000
890,800000,200000
891,800000,200000
892,800000,200000
893,800000,200000
894,800000,200000
895,800000,200000
896,800000,200000
897,800000,200000
898,800000,200000
899,800000,200000
900,800000,200000
901,800000,200000
902,800000,200000
903,800000,200000
904,800000,200000
905,800000,200000
906,800000,200000
907,800000,200000
908,800000,200000
909,800000,200000
910,800000,200000
911,800000,200000
912,800000,200000
913,800000,200000
914,800000,200000
915,800000,200000
916,800000,200000
917,800000,200000
918,800000,200000
919,800000,200000
920,800000,200000
921,800000,200000
922,800000,200000
923,800000,200000
924,800000,200000
925,800000,200000
926,800000,200000
927,800000,200000
928,800000,200000
929,800000,200000
930,800000,200000
931,800000,200000
932,800000,200000
933,800000,200000
934,800000,200000
935,800000,200000
936,800000,200000
937,800000,200000
938,800000,200000
939,800000,200000
940,800000,200000
941,800000,200000
942,800000,200000
943,800000,200000
944,800000,200000
945,800000,200000
946,800000,200000
947,800000,200000
948,800000,200000
949,800000,200000
950,800000,200000
951,800000,200000
952,800000,200000
953,800000,200000
954,800000,200000
955,800000,200000
956,800000,200000
957,800000,200000
958,800000,200000
959,800000,200000
960,800000,200000
961,800000,200000
962,800000,200000
963,800000,200000
964,800000,200000
965,800000,200000
966,800000,200000
967,800000,200000
968,800000,200000
969,800000,200000
970,800000,200000
971,800000,200000
972,800000,200000
973,800000,200000
974,800000,200000
975,800000,200000
976,800000,200000
977,800000,200000
978,800000,200000
979,800000,200000
980,800000,200000
981,800000,200000
982,800000,200000
983,800000,200000
984,800000,200000
985,800000,200000
986,800000,200000
987,800000,200000
988,800000,200000
989,800000,200000
990,800000,200000
991,800000,200000
992,800000,200000
993,800000,200000
994,800000,200000
995,800000,200000
996,800000,200000
997,800000,200000
998,800000,200000
999,800000,200000
1000,800000,200000
1001,800000,200000
1002,800000,200000
1003,800000,200000
1004,800000,200000
1005,800000,200000
1006,800000,200000
1007,800000,200000
1008,800000,200000
1009,800000,200000
1010,800000,200000
1011,800000,200000
1012,800000,200000
1013,800000,200000
1014,800000,200000
1015,800000,200000
1016,800000,200000
1017,800000,200000
1018,800000,200000
1019,800000,200000
1020,800000,200000
1021,800000,200000
1022,800000,200000
1023,800000,200000
1024,800000,200000
1025,800000,200000
1026,800000,200000
1027,800000,200000
1028,800000,200000
1029,800000,200000
1030,800000,200000
1031,800000,200000
1032,800000,200000
1033,800000,200000
1034,800000,200000
1035,800000,200000
1036,800000,200000
1037,800000,200000
1038,800000,200000
1039,800000,200000
1040,800000,200000
1041,800000,200000
1042,800000,200000
1043,800000,200000
1044,800000,200000
1045,800000,200000
1046,800000,200000
1047,800000,200000
1048,800000,200000
1049,800000,200000
1050,800000,200000
1051,800000,200000
1052,800000,200000
1053,800000,200000
1054,800000,200000
1055,800000,200000
1056,800000,200000
1057,800000,200000
1058,800000,200000
1059,800000,200000
1060,800000,200000
1061,800000,200000
1062,800000,200000
1063,800000,200000
1064,800000,200000
1065,800000,200000
1066,800000,200000
1067,800000,200000
1068,800000,200000
1069,800000,200000
1070,800000,200000
1071,800000,200000
1072,800000,200000
1073,800000,200000
1074,800000,200000
1075,800000,200000
1076,800000,200000
1077,800000,200000
1078,800000,200000
1079,800000,200000
1080,800000,200000
1081,800000,200000
1082,800000,200000
1083,800000,200000
1084,800000,200000
1085,800000,200000
1086,800000,200000
1087,800000,200000
1088,800000,200000
1089,800000,200000
1090,800000,200000
1091,800000,200000
1092,800000,200000
1093,800000,200000
1094,800000,200000
1095,800000,200000
1096,800000,200000
1097,800000,200000
1098,800000,200000
1099,800000,200000
1100,800000,200000
1101,800000,200000
1102,800000,200000
1103,800000,200000
1104,800000,200000
1105,800000,200000
1106,800000,200000
1107,800000,200000
1108,800000,200000
1109,800000,200000
1110,800000,200000
1111,800000,200000
1112,800000,200000
1113,800000,200000
1114,800000,200000
1115,800000,200000
1116,800000,200000
1117,800000,200000
1118,800000,200000
1119,800000,200000
1120,800000,200000
1121,800000,200000
1122,800000,200000
1123,800000,200000
1124,800000,200000
1125,800000,200000
1126,800000,200000
1127,800000,200000
1128,800000,200000
1129,800000,200000
1130,800000,200000
1131,800000,200000
1132,800000,200000
1133,800000,200000
1134,800000,200000
1135,800000,200000
1136,800000,200000
1137,800000,200000
1138,800000,200000
1139,800000,200000
1140,800000,200000
1141,800000,200000
1142,800000,200000
1143,800000,200000
1144,800000,200000
1145,800000,200000
1146,800000,200000
1147,800000,200000
1148,800000,200000
1149,800000,200000
1150,800000,200000
1151,800000,200000
1152,800000,200000
1153,800000,200000
1154,800000,200000
1155,800000,200000
1156,800000,200000
1157,800000,200000
1158,800000,200000
1159,800000,200000
1160,800000,200000
1161,800000,200000
1162,800000,200000
1163,800000,200000
1164,800000,200000
1165,800000,200000
1166,800000,200000
1167,800000,200000
1168,800000,200000
1169,800000,200000
1170,800000,200000
1171,800000,200000
1172,800000,200000
1173,800000,200000
1174,800000,200000
1175,800000,200000
1176,800000,200000
1177,800000,200000
1178,800000,200000
1179,800000,200000
1180,800000,200000
1181,800000,200000
1182,800000,200000
1183,800000,200000
1184,800000,200000
1185,800000,200000
1186,800000,200000
1187,800000,200000
1188,800000,200000
1189,800000,200000
1190,800000,200000
1191,800000,200000
1192,800000,200000
1193,800000,200000
1194,800000,200000
1195,800000,200000
1196,800000,200000
1197,800000,200000
1198,800000,200000
1199,800000,200000
1200,800000,200000
1201,800000,200000
1202,800000,200000
1203,800000,200000
1204,800000,200000
1205,800000,200000
1206,800000,200000
1207,800000,200000
1208,800000,200000
1209,800000,200000
1210,800000,200000
1211,800000,200000
1212,800000,200000
1213,800000,200000
1214,800000,200000
1215,800000,200000
1216,800000,200000
1217,800000,200000
1218,800000,200000
1219,800000,200000
1220,800000,200000
1221,800000,200000
1222,800000,200000
1223,800000,200000
1224,800000,200000
1225,800000,200000
1226,800000,200000
1227,800000,200000
1228,800000,200000
1229,800000,200000
1230,800000,200000
1231,800000,200000
1232,800000,200000
1233,800000,200000
1234,800000,200000
1235,800000,200000
1236,800000,200000
1237,800000,200000
1238,800000,200000
1239,800000,200000
1240,800000,200000
1241,800000,200000
1242,800000,200000
1243,800000,200000
1244,800000,200000
1245,800000,200000
1246,800000,200000
1247,800000,200000
1248,800000,200000
1249,800000,200000
1250,800000,200000
1251,800000,200000
1252,800000,200000
1253,800000,200000
1254,800000,200000
1255,800000,200000
1256,800000,200000
1257,800000,200000
1258,800000,200000
1259,800000,200000
1260,800000,200000
1261,800000,200000
1262,800000,200000
1263,800000,200000
1264,800000,200000
1265,800000,200000
1266,800000,200000
1267,800000,200000
1268,800000,200000
1269,800000,200000
1270,800000,200000
1271,800000,200000
1272,800000,200000
1273,800000,200000
1274,800000,200000
1275,800000,200000
1276,800000,200000
1277,800000,200000
1278,800000,200000
1279,800000,200000
1280,800000,200000
1281,800000,200000
1282,800000,200000
1283,800000,200000
1284,800000,200000
1285,800000,200000
1286,800000,200000
1287,800000,200000
1288,800000,200000
1289,800000,200000
1290,800000,200000
1291,800000,200000
1292,800000,200000
1293,800000,200000
1294,800000,200000
1295,800000,200000
1296,800000,200000
1297,800000,200000
1298,800000,200000
1299,800000,200000
1300,800000,200000
1301,800000,200000
1302,800000,200000
1303,800000,200000
1304,800000,200000
1305,800000,200000
1306,800000,200000
1307,800000,200000
1308,800000,200000
1309,800000,200000
1310,800000,200000
1311,800000,200000
1312,800000,200000
1313,800000,200000
1314,800000,200000
1315,800000,200000
1316,800000,200000
1317,800000,200000
1318,800000,200000
1319,800000,200000
1320,800000,200000
1321,800000,200000
1322,800000,200000
1323,800000,200000
1324,800000,200000
1325,800000,200000
1326,800000,200000
1327,800000,200000
1328,800000,200000
1329,800000,200000
1330,800000,200000
1331,800000,200000
1332,800000,200000
1333,800000,200000
1334,800000,200000
1335,800000,200000
1336,800000,200000
1337,800000,200000
1338,800000,200000
1339,800000,200000
1340,800000,200000
1341,800000,200000
1342,800000,200000
1343,800000,200000
1344,800000,200000
1345,800000,200000
1346,800000,200000
1347,800000,200000
1348,800000,200000
1349,800000,200000
1350,800000,200000
1351,800000,200000
1352,800000,200000
1353,800000,200000
1354,800000,200000
1355,800000,200000
1356,800000,200000
1357,800000,200000
1358,800000,200000
1359,800000,200000
1360,800000,200000
1361,800000,200000
1362,800000,200000
1363,800000,200000
1364,800000,200000
1365,800000,200000
1366,800000,200000
1367,800000,200000
1368,800000,200000
1369,800000,200000
1370,800000,200000
1371,800000,200000
1372,800000,200000
1373,800000,200000
1374,800000,200000
1375,800000,200000
1376,800000,200000
1377,800000,200000
1378,800000,200000
1379,800000,200000
1380,800000,200000
1381,800000,200000
1382,800000,200000
1383,800000,200000
1384,800000,200000
1385,800000,200000
1386,800000,200000
1387,800000,200000
1388,800000,200000
1389,800000,200000
1390,800000,200000
1391,800000,200000
1392,800000,200000
1393,800000,200000
1394,800000,200000
1395,800000,200000
1396,800000,200000
1397,800000,200000
1398,800000,200000
1399,800000,200000
1400,800000,200000
1401,800000,200000
1402,800000,200000
1403,800000,200000
1404,800000,200000
1405,800000,200000
1406,800000,200000
1407,800000,200000
1408,800000,200000
1409,800000,200000
1410,800000,200000
1411,800000,200000
1412,800000,200000
1413,800000,200000
1414,800000,200000
1415,800000,200000
1416,800000,200000
1417,800000,200000
1418,800000,200000
1419,800000,200000
1420,800000,200000
1421,800000,200000
1422,800000,200000
1423,800000,200000
1424,800000,200000
1425,800000,200000
1426,800000,200000
1427,800000,200000
1428,800000,200000
1429,800000,200000
1430,800000,200000
1431,800000,200000
1432,800000,200000
1433,800000,200000
1434,800000,200000
1435,800000,200000
1436,800000,200000
1437,800000,200000
1438,800000,200000
1439,800000,200000
1440,800000,200000
1441,800000,200000
1442,800000,200000
1443,800000,200000
1444,800000,200000
1445,800000,200000
1446,800000,200000
1447,800000,200000
1448,800000,200000
1449,800000,200000
1450,800000,200000
1451,800000,200000
1452,800000,200000
1453,800000,200000
1454,800000,200000
1455,800000,200000
1456,800000,200000
1457,800000,200000
1458,800000,200000
1459,800000,200000
1460,800000,200000
1461,800000,200000
1462,800000,200000
1463,800000,200000
1464,800000,200000
1465,800000,200000
1466,800000,200000
1467,800000,200000
1468,800000,200000
1469,800000,200000
1470,800000,200000
1471,800000,200000
1472,800000,200000
1473,800000,200000
1474,800000,200000
1475,800000,200000
1476,800000,200000
1477,800000,200000
1478,800000,200000
1479,800000,200000
1480,800000,200000
1481,800000,200000
1482,800000,200000
1483,800000,200000
1484,800000,200000
1485,800000,200000
1486,800000,200000
1487,800000,200000
1488,800000,200000
1489,800000,200000
1490,800000,200000
1491,800000,200000
1492,800000,200000
1493,800000,200000
1494,800000,200000
1495,800000,200000
1496,800000,200000
1497,800000,200000
1498,800000,200000
1499,800000,200000
1500,800000,200000
1501,800000,200000
1502,800000,200000
1503,800000,200000
1504,800000,200000
1505,800000,200000
1506,800000,200000
1507,800000,200000
1508,800000,200000
1509,800000,200000
1510,800000,200000
1511,800000,200000
1512,800000,200000
1513,800000,200000
1514,800000,200000
1515,800000,200000
1516,800000,200000
1517,800000,200000
1518,800000,200000
1519,800000,200000
1520,800000,200000
1521,800000,200000
1522,800000,200000
1523,800000,200000
1524,800000,200000
1525,800000,200000
1526,800000,200000
1527,800000,200000
1528,800000,200000
1529,800000,200000
1530,800000,200000
1531,800000,200000
1532,800000,200000
1533,800000,200000
1534,800000,200000
1535,800000,200000
1536,800000,200000
1537,800000,200000
1538,800000,200000
1539,800000,200000
1540,800000,200000
1541,800000,200000
1542,800000,200000
1543,800000,200000
1544,800000,200000
1545,800000,200000
1546,800000,200000
1547,800000,200000
1548,800000,200000
1549,800000,200000
1550,800000,200000
1551,800000,200000
1552,800000,200000
1553,800000,200000
1554,800000,200000
1555,800000,200000
1556,800000,200000
1557,800000,200000
1558,800000,200000
1559,800000,200000
1560,800000,200000
1561,800000,200000
1562,800000,200000
1563,800000,200000
1564,800000,200000
1565,800000,200000
1566,800000,200000
1567,800000,200000
1568,800000,200000
1569,800000,200000
1570,800000,200000
1571,800000,200000
1572,800000,200000
1573,800000,200000
1574,800000,200000
1575,800000,200000
1576,800000,200000
1577,800000,200000
1578,800000,200000
1579,800000,200000
1580,800000,200000
1581,800000,200000
1582,800000,200000
1583,800000,200000
1584,800000,200000
1585,800000,200000
1586,800000,200000
1587,800000,200000
1588,800000,200000
1589,800000,200000
1590,800000,200000
1591,800000,200000
1592,800000,200000
1593,800000,200000
1594,800000,200000
1595,800000,200000
1596,800000,200000
1597,800000,200000
1598,800000,200000
1599,800000,200000
1600,800000,200000
1601,800000,200000
1602,800000,200000
1603,800000,200000
1604,800000,200000
1605,800000,200000
1606,800000,200000
1607,800000,200000
1608,800000,200000
1609,800000,200000
1610,800000,200000
1611,800000,200000
1612,800000,200000
1613,800000,200000
1614,800000,200000
1615,800000,200000
1616,800000,200000
1617,800000,200000
1618,800000,200000
1619,800000,200000
1620,800000,200000
1621,800000,200000
1622,800000,200000
1623,800000,200000
1624,800000,200000
1625,800000,200000
1626,800000,200000
1627,800000,200000
1628,800000,200000
1629,800000,200000
1630,800000,200000
1631,800000,200000
1632,800000,200000
1633,800000,200000
1634,800000,200000
1635,800000,200000
1636,800000,200000
1637,800000,200000
1638,800000,200000
1639,800000,200000
1640,800000,200000
1641,800000,200000
1642,800000,200000
1643,800000,200000
1644,800000,200000
1645,800000,200000
1646,800000,200000
1647,800000,200000
1648,800000,200000
1649,800000,200000
1650,800000,200000
1651,800000,200000
1652,800000,200000
1653,800000,200000
1654,800000,200000
1655,800000,200000
1656,800000,200000
1657,800000,200000
1658,800000,200000
1659,800000,200000
1660,800000,200000
1661,800000,200000
1662,800000,200000
1663,800000,200000
1664,800000,200000
1665,800000,200000
1666,800000,200000
1667,800000,200000
1668,800000,200000
1669,800000,200000
1670,800000,200000
1671,800000,200000
1672,800000,200000
1673,800000,200000
1674,800000,200000
1675,800000,200000
1676,800000,200000
1677,800000,200000
1678,800000,200000
1679,800000,200000
1680,800000,200000
1681,800000,200000
1682,800000,200000
1683,800000,200000
1684,800000,200000
1685,800000,200000
1686,800000,200000
1687,800000,200000
1688,800000,200000
1689,800000,200000
1690,800000,200000
1691,800000,200000
1692,800000,200000
1693,800000,200000
1694,800000,200000
1695,800000,200000
1696,800000,200000
1697,800000,200000
1698,800000,200000
1699,800000,200000
1700,800000,200000
1701,800000,200000
1702,800000,200000
1703,800000,200000
1704,800000,200000
1705,800000,200000
1706,800000,200000
1707,800000,200000
1708,800000,200000
1709,800000,200000
1710,800000,200000
1711,800000,200000
1712,800000,200000
1713,800000,200000
1714,800000,200000
1715,800000,200000
1716,800000,200000
1717,800000,200000
1718,800000,200000
1719,800000,200000
1720,800000,200000
1721,800000,200000
1722,800000,200000
1723,800000,200000
1724,800000,200000
1725,800000,200000
1726,800000,200000
1727,800000,200000
1728,800000,200000
1729,800000,200000
1730,800000,200000
1731,800000,200000
1732,800000,200000
1733,800000,200000
1734,800000,200000
1735,800000,200000
1736,800000,200000
1737,800000,200000
1738,800000,200000
1739,800000,200000
1740,800000,200000
1741,800000,200000
1742,800000,200000
1743,800000,200000
1744,800000,200000
1745,800000,200000
1746,800000,200000
1747,800000,200000
1748,800000,200000
1749,800000,200000
1750,800000,200000
1751,800000,200000
1752,800000,200000
1753,800000,200000
1754,800000,200000
1755,800000,200000
1756,800000,200000
1757,800000,200000
1758,800000,200000
1759,800000,200000
1760,800000,200000
1761,800000,200000
1762,800000,200000
1763,800000,200000
1764,800000,200000
1765,800000,200000
1766,800000,200000
1767,800000,200000
1768,800000,200000
1769,800000,200000
1770,800000,200000
1771,800000,200000
1772,800000,200000
1773,800000,200000
1774,800000,200000
1775,800000,200000
1776,800000,200000
1777,800000,200000
1778,800000,200000
1779,800000,200000
1780,800000,200000
1781,800000,200000
1782,800000,200000
1783,800000,200000
1784,800000,200000
1785,800000,200000
1786,800000,200000
1787,800000,200000
1788,800000,200000
1789,800000,200000
1790,800000,200000
1791,800000,200000
1792,800000,200000
1793,800000,200000
1794,800000,200000
1795,800000,200000
1796,800000,200000
1797,800000,200000
1798,800000,200000
1799,800000,200000
1800,800000,200000
1801,800000,200000
1802,800000,200000
1803,800000,200000
1804,800000,200000
1805,800000,200000
1806,800000,200000
1807,800000,200000
1808,800000,200000
1809,800000,200000
1810,800000,200000
1811,800000,200000
1812,800000,200000
1813,800000,200000
1814,800000,200000
1815,800000,200000
1816,800000,200000
1817,800000,200000
1818,800000,200000
1819,800000,200000
1820,800000,200000
1821,800000,200000
1822,800000,200000
1823,800000,200000
1824,800000,200000
1825,800000,200000
1826,800000,200000
1827,800000,200000
1828,800000,200000
1829,800000,200000
1830,800000,200000
1831,800000,200000
1832,800000,200000
1833,800000,200000
1834,800000,200000
1835,800000,200000
1836,800000,200000
1837,800000,200000
1838,800000,200000
1839,800000,200000
1840,800000,200000
1841,800000,200000
1842,800000,200000
1843,800000,200000
1844,800000,200000
1845,800000,200000
1846,800000,200000
1847,800000,200000
1848,800000,200000
1849,800000,200000
1850,800000,200000
1851,800000,200000
1852,800000,200000
1853,800000,200000
1854,800000,200000
1855,800000,200000
1856,800000,200000
1857,800000,200000
1858,800000,200000
1859,800000,200000
1860,800000,200000
1861,800000,200000
1862,800000,200000
1863,800000,200000
1864,800000,200000
1865,800000,200000
1866,800000,200000
1867,800000,200000
1868,800000,200000
1869,800000,200000
1870,800000,200000
1871,800000,200000
1872,800000,200000
1873,800000,200000
1874,800000,200000
1875,800000,200000
1876,800000,200000
1877,800000,200000
1878,800000,200000
1879,800000,200000
1880,800000,200000
1881,800000,200000
1882,800000,200000
1883,800000,200000
1884,800000,200000
1885,800000,200000
1886,800000,200000
1887,800000,200000
1888,800000,200000
1889,800000,200000
1890,800000,200000
1891,800000,200000
1892,800000,200000
1893,800000,200000
1894,800000,200000
1895,800000,200000
1896,800000,200000
1897,800000,200000
1898,800000,200000
1899,800000,200000
1900,800000,200000
1901,800000,200000
1902,800000,200000
1903,800000,200000
1904,800000,200000
1905,800000,200000
1906,800000,200000
1907,800000,200000
1908,800000,200000
1909,800000,200000
1910,800000,200000
1911,800000,200000
1912,800000,200000
1913,800000,200000
1914,800000,200000
1915,800000,200000
1916,800000,200000
1917,800000,200000
1918,800000,200000
1919,800000,200000
1920,800000,200000
1921,800000,200000
1922,800000,200000
1923,800000,200000
1924,800000,200000
1925,800000,200000
1926,800000,200000
1927,800000,200000
1928,800000,200000
1929,800000,200000
1930,800000,200000
1931,800000,200000
1932,800000,200000
1933,800000,200000
1934,800000,200000
1935,800000,200000
1936,800000,200000
1937,800000,200000
1938,800000,200000
1939,800000,200000
1940,800000,200000
1941,800000,200000
1942,800000,200000
1943,800000,200000
1944,800000,200000
1945,800000,200000
1946,800000,200000
1947,800000,200000
1948,800000,200000
1949,800000,200000
1950,800000,200000
1951,800000,200000
1952,800000,200000
1953,800000,200000
1954,800000,200000
1955,800000,200000
1956,800000,200000
1957,800000,200000
1958,800000,200000
1959,800000,200000
1960,800000,200000
1961,800000,200000
1962,800000,200000
1963,800000,200000
1964,800000,200000
1965,800000,200000
1966,800000,200000
1967,800000,200000
1968,800000,200000
1969,800000,200000
1970,800000,200000
1971,800000,200000
1972,800000,200000
1973,800000,200000
1974,800000,200000
1975,800000,200000
1976,800000,200000
1977,800000,200000
1978,800000,200000
1979,800000,200000
1980,800000,200000
1981,800000,200000
1982,800000,200000
1983,800000,200000
1984,800000,200000
1985,800000,200000
1986,800000,200000
1987,800000,200000
1988,800000,200000
1989,800000,200000
1990,800000,200000
1991,800000,200000
1992,800000,200000
1993,800000,200000
1994,800000,200000
1995,800000,200000
1996,800000,200000
1997,800000,200000
1998,800000,200000
1999,800000,200000
2000,800000,200000
2001,800000,200000
2002,800000,200000
2003,800000,200000
2004,800000,200000
2005,800000,200000
2006,800000,200000
2007,800000,200000
2008,800000,200000
2009,800000,200000
2010,800000,200000
2011,800000,200000
2012,800000,200000
2013,800000,200000
2014,800000,200000
2015,800000,200000
2016,800000,200000
2017,800000,200000
2018,800000,200000
2019,800000,200000
2020,800000,200000
2021,800000,200000
2022,800000,200000
2023,800000,200000
2024,800000,200000
2025,800000,200000
2026,800000,200000
2027,800000,200000
2028,800000,200000
2029,800000,200000
2030,800000,200000
2031,800000,200000
2032,800000,200000
2033,800000,200000
2034,800000,200000
2035,800000,200000
2036,800000,200000
2037,800000,200000
2038,800000,200000
2039,800000,200000
2040,800000,200000
2041,800000,200000
2042,800000,200000
2043,800000,200000
2044,800000,200000
2045,800000,200000
2046,800000,200000
2047,800000,200000
2048,800000,200000
2049,800000,200000
2050,800000,200000
2051,800000,200000
2052,800000,200000
2053,800000,200000
2054,800000,200000
2055,800000,200000
2056,800000,200000
2057,800000,200000
2058,800000,200000
2059,800000,200000
2060,800000,200000
2061,800000,200000
2062,800000,200000
2063,800000,200000
2064,800000,200000
2065,800000,200000
2066,800000,200000
2067,800000,200000
2068,800000,200000
2069,800000,200000
2070,800000,200000
2071,800000,200000
2072,800000,200000
2073,800000,200000
2074,800000,200000
2075,800000,200000
2076,800000,200000
2077,800000,200000
2078,800000,200000
2079,800000,200000
2080,800000,200000
2081,800000,200000
2082,800000,200000
2083,800000,200000
2084,800000,200000
2085,800000,200000
2086,800000,200000
2087,800000,200000
2088,800000,200000
2089,800000,200000
2090,800000,200000
2091,800000,200000
2092,800000,200000
2093,800000,200000
2094,800000,200000
2095,800000,200000
2096,800000,200000
2097,800000,200000
2098,800000,200000
2099,800000,200000
2100,800000,200000
2101,800000,200000
2102,800000,200000
2103,800000,200000
2104,800000,200000
2105,800000,200000
2106,800000,200000
2107,800000,200000
2108,800000,200000
2109,800000,200000
2110,800000,200000
2111,800000,200000
2112,800000,200000
2113,800000,200000
2114,800000,200000
2115,800000,200000
2116,800000,200000
2117,800000,200000
2118,800000,200000
2119,800000,200000
2120,800000,200000
2121,800000,200000
2122,800000,200000
2123,800000,200000
2124,800000,200000
2125,800000,200000
2126,800000,200000
2127,800000,200000
2128,800000,200000
2129,800000,200000
2130,800000,200000
2131,800000,200000
2132,800000,200000
2133,800000,200000
2134,800000,200000
2135,800000,200000
2136,800000,200000
2137,800000,200000
2138,800000,200000
2139,800000,200000
2140,800000,200000
2141,800000,200000
2142,800000,200000
2143,800000,200000
2144,800000,200000
2145,800000,200000
2146,800000,200000
2147,800000,200000
2148,800000,200000
2149,800000,200000
2150,800000,200000
2151,800000,200000
2152,800000,200000
2153,800000,200000
2154,800000,200000
2155,800000,200000
2156,800000,200000
2157,800000,200000
2158,800000,200000
2159,800000,200000
2160,800000,200000
2161,800000,200000
2162,800000,200000
2163,800000,200000
2164,800000,200000
2165,800000,200000
2166,800000,200000
2167,800000,200000
2168,800000,200000
2169,800000,200000
2170,800000,200000
2171,800000,200000
2172,800000,200000
2173,800000,200000
2174,800000,200000
2175,800000,200000
2176,800000,200000
2177,800000,200000
2178,800000,200000
2179,800000,200000
2180,800000,200000
2181,800000,200000
2182,800000,200000
2183,800000,200000
2184,800000,200000
2185,800000,200000
2186,800000,200000
2187,800000,200000
2188,800000,200000
2189,800000,200000
2190,800000,200000
2191,800000,200000
2192,800000,200000
2193,800000,200000
2194,800000,200000
2195,800000,200000
2196,800000,200000
2197,800000,200000
2198,800000,200000
2199,800000,200000
2200,800000,200000
2201,800000,200000
2202,800000,200000
2203,800000,200000
2204,800000,200000
2205,800000,200000
2206,800000,200000
2207,800000,200000
2208,800000,200000
2209,800000,200000
2210,800000,200000
2211,800000,200000
2212,800000,200000
2213,800000,200000
2214,800000,200000
2215,800000,200000
2216,800000,200000
2217,800000,200000
2218,800000,200000
2219,800000,200000
2220,800000,200000
2221,800000,200000
2222,800000,200000
2223,800000,200000
2224,800000,200000
2225,800000,200000
2226,800000,200000
2227,800000,200000
2228,800000,200000
2229,800000,200000
2230,800000,200000
2231,800000,200000
2232,800000,200000
2233,800000,200000
2234,800000,200000
2235,800000,200000
2236,800000,200000
2237,800000,200000
2238,800000,200000
2239,800000,200000
2240,800000,200000
2241,800000,200000
2242,800000,200000
2243,800000,200000
2244,800000,200000
2245,800000,200000
2246,800000,200000
2247,800000,200000
2248,800000,200000
2249,800000,200000
2250,800000,200000
2251,800000,200000
2252,800000,200000
2253,800000,200000
2254,800000,200000
2255,800000,200000
2256,800000,200000
2257,800000,200000
2258,800000,200000
2259,800000,200000
2260,800000,200000
2261,800000,200000
2262,800000,200000
2263,800000,200000
2264,800000,200000
2265,800000,200000
2266,800000,200000
2267,800000,200000
2268,800000,200000
2269,800000,200000
2270,800000,200000
2271,800000,200000
2272,800000,200000
2273,800000,200000
2274,800000,200000
2275,800000,200000
2276,800000,200000
2277,800000,200000
2278,800000,200000
2279,800000,200000
2280,800000,200000
2281,800000,200000
2282,800000,200000
2283,800000,200000
2284,800000,200000
2285,800000,200000
2286,800000,200000
2287,800000,200000
2288,800000,200000
2289,800000,200000
2290,800000,200000
2291,800000,200000
2292,800000,200000
2293,800000,200000
2294,800000,200000
2295,800000,200000
2296,800000,200000
2297,800000,200000
2298,800000,200000
2299,800000,200000
2300,800000,200000
2301,800000,200000
2302,800000,200000
2303,800000,200000
2304,800000,200000
2305,800000,200000
2306,800000,200000
2307,800000,200000
2308,800000,200000
2309,800000,200000
2310,800000,200000
2311,800000,200000
2312,800000,200000
2313,800000,200000
2314,800000,200000
2315,800000,200000
2316,800000,200000
2317,800000,200000
2318,800000,200000
2319,800000,200000
2320,800000,200000
2321,800000,200000
2322,800000,200000
2323,800000,200000
2324,800000,200000
2325,800000,200000
2326,800000,200000
2327,800000,200000
2328,800000,200000
2329,800000,200000
2330,800000,200000
2331,800000,200000
2332,800000,200000
2333,800000,200000
2334,800000,200000
2335,800000,200000
2336,800000,200000
2337,800000,200000
2338,800000,200000
2339,800000,200000
2340,800000,200000
2341,800000,200000
2342,800000,200000
2343,800000,200000
2344,800000,200000
2345,800000,200000
2346,800000,200000
2347,800000,200000
2348,800000,200000
2349,800000,200000
2350,800000,200000
2351,800000,200000
2352,800000,200000
2353,800000,200000
2354,800000,200000
2355,800000,200000
2356,800000,200000
2357,800000,200000
2358,800000,200000
2359,800000,200000
2360,800000,200000
2361,800000,200000
2362,800000,200000
2363,800000,200000
2364,800000,200000
2365,800000,200000
2366,800000,200000
2367,800000,200000
2368,800000,200000
2369,800000,200000
2370,800000,200000
2371,800000,200000
2372,800000,200000
2373,800000,200000
2374,800000,200000
2375,800000,200000
2376,800000,200000
2377,800000,200000
2378,800000,200000
2379,800000,200000
2380,800000,200000
2381,800000,200000
2382,800000,200000
2383,800000,200000
2384,800000,200000
2385,800000,200000
2386,800000,200000
2387,800000,200000
2388,800000,200000
2389,800000,200000
2390,800000,200000
2391,800000,200000
2392,800000,200000
2393,800000,200000
2394,800000,200000
2395,800000,200000
2396,800000,200000
2397,800000,200000
2398,800000,200000
2399,800000,200000
2400,800000,200000
2401,800000,200000
2402,800000,200000
2403,800000,200000
2404,800000,200000
2405,800000,200000
2406,800000,200000
2407,800000,200000
2408,800000,200000
2409,800000,200000
2410,800000,200000
2411,800000,200000
2412,800000,200000
2413,800000,200000
2414,800000,200000
2415,800000,200000
2416,800000,200000
2417,800000,200000
2418,800000,200000
2419,800000,200000
2420,800000,200000
2421,800000,200000
2422,800000,200000
2423,800000,200000
2424,800000,200000
2425,800000,200000
2426,800000,200000
2427,800000,200000
2428,800000,200000
2429,800000,200000
2430,800000,200000
2431,800000,200000
2432,800000,200000
2433,800000,200000
2434,800000,200000
2435,800000,200000
2436,800000,200000
2437,800000,200000
2438,800000,200000
2439,800000,200000
2440,800000,200000
2441,800000,200000
2442,800000,200000
2443,800000,200000
2444,800000,200000
2445,800000,200000
2446,800000,200000
2447,800000,200000
2448,800000,200000
2449,800000,200000
2450,800000,200000
2451,800000,200000
2452,800000,200000
2453,800000,200000
2454,800000,200000
2455,800000,200000
2456,800000,200000
2457,800000,200000
2458,800000,200000
2459,800000,200000
2460,800000,200000
2461,800000,200000
2462,800000,200000
2463,800000,200000
2464,800000,200000
2465,800000,200000
2466,800000,200000
2467,800000,200000
2468,800000,200000
2469,800000,200000
2470,800000,200000
2471,800000,200000
2472,800000,200000
2473,800000,200000
2474,800000,200000
2475,800000,200000
2476,800000,200000
2477,800000,200000
2478,800000,200000
2479,800000,200000
2480,800000,200000
2481,800000,200000
2482,800000,200000
2483,800000,200000
2484,800000,200000
2485,800000,200000
2486,800000,200000
2487,800000,200000
2488,800000,200000
2489,800000,200000
2490,800000,200000
2491,800000,200000
2492,800000,200000
2493,800000,200000
2494,800000,200000
2495,800000,200000
2496,800000,200000
2497,800000,200000
2498,800000,200000
2499,800000,200000
2500,800000,200000
2501,800000,200000
2502,800000,200000
2503,800000,200000
2504,800000,200000
2505,800000,200000
2506,800000,200000
2507,800000,200000
2508,800000,200000
2509,800000,200000
2510,800000,200000
2511,800000,200000
2512,800000,200000
2513,800000,200000
2514,800000,200000
2515,800000,200000
2516,800000,200000
2517,800000,200000
2518,800000,200000
2519,800000,200000
2520,800000,200000
2521,800000,200000
2522,800000,200000
2523,800000,200000
2524,800000,200000
2525,800000,200000
2526,800000,200000
2527,800000,200000
2528,800000,200000
2529,800000,200000
2530,800000,200000
2531,800000,200000
2532,800000,200000
2533,800000,200000
2534,800000,200000
2535,800000,200000
2536,800000,200000
2537,800000,200000
2538,800000,200000
2539,800000,200000
2540,800000,200000
2541,800000,200000
2542,800000,200000
2543,800000,200000
2544,800000,200000
2545,800000,200000
2546,800000,200000
2547,800000,200000
2548,800000,200000
2549,800000,200000
2550,800000,200000
2551,800000,200000
2552,800000,200000
2553,800000,200000
2554,800000,200000
2555,800000,200000
2556,800000,200000
2557,800000,200000
2558,800000,200000
2559,800000,200000
2560,800000,200000
2561,800000,200000
2562,800000,200000
2563,800000,200000
2564,800000,200000
2565,800000,200000
2566,800000,200000
2567,800000,200000
2568,800000,200000
2569,800000,200000
2570,800000,200000
2571,800000,200000
2572,800000,200000
2573,800000,200000
2574,800000,200000
2575,800000,200000
2576,800000,200000
2577,800000,200000
2578,800000,200000
2579,800000,200000
2580,800000,200000
2581,800000,200000
2582,800000,200000
2583,800000,200000
2584,800000,200000
2585,800000,200000
2586,800000,200000
2587,800000,200000
2588,800000,200000
2589,800000,200000
2590,800000,200000
2591,800000,200000
2592,800000,200000
2593,800000,200000
2594,800000,200000
2595,800000,200000
2596,800000,200000
2597,800000,200000
2598,800000,200000
2599,800000,200000
2600,800000,200000
2601,800000,200000
2602,800000,200000
2603,800000,200000
2604,800000,200000
2605,800000,200000
2606,800000,200000
2607,800000,200000
2608,800000,200000
2609,800000,200000
2610,800000,200000
2611,800000,200000
2612,800000,200000
2613,800000,200000
2614,800000,200000
2615,800000,200000
2616,800000,200000
2617,800000,200000
2618,800000,200000
2619,800000,200000
2620,800000,200000
2621,800000,200000
2622,800000,200000
2623,800000,200000
2624,800000,200000
2625,800000,200000
2626,800000,200000
2627,800000,200000
2628,800000,200000
2629,800000,200000
2630,800000,200000
2631,800000,200000
2632,800000,200000
2633,800000,200000
2634,800000,200000
2635,800000,200000
2636,800000,200000
2637,800000,200000
2638,800000,200000
2639,800000,200000
2640,800000,200000
2641,800000,200000
2642,800000,200000
2643,800000,200000
2644,800000,200000
2645,800000,200000
2646,800000,200000
2647,800000,200000
2648,800000,200000
2649,800000,200000
2650,800000,200000
2651,800000,200000
2652,800000,200000
2653,800000,200000
2654,800000,200000
2655,800000,200000
2656,800000,200000
2657,800000,200000
2658,800000,200000
2659,800000,200000
2660,800000,200000
2661,800000,200000
2662,800000,200000
2663,800000,200000
2664,800000,200000
2665,800000,200000
2666,800000,200000
2667,800000,200000
2668,800000,200000
2669,800000,200000
2670,800000,200000
2671,800000,200000
2672,800000,200000
2673,800000,200000
2674,800000,200000
2675,800000,200000
2676,800000,200000
2677,800000,200000
2678,800000,200000
2679,800000,200000
2680,800000,200000
2681,800000,200000
2682,800000,200000
2683,800000,200000
2684,800000,200000
2685,800000,200000
2686,800000,200000
2687,800000,200000
2688,800000,200000
2689,800000,200000
2690,800000,200000
2691,800000,200000
2692,800000,200000
2693,800000,200000
2694,800000,200000
2695,800000,200000
2696,800000,200000
2697,800000,200000
2698,800000,200000
2699,800000,200000
2700,800000,200000
2701,800000,200000
2702,800000,200000
2703,800000,200000
2704,800000,200000
2705,800000,200000
2706,800000,200000
2707,800000,200000
2708,800000,200000
2709,800000,200000
2710,800000,200000
2711,800000,200000
2712,800000,200000
2713,800000,200000
2714,800000,200000
2715,800000,200000
2716,800000,200000
2717,800000,200000
2718,800000,200000
2719,800000,200000
2720,800000,200000
2721,800000,200000
2722,800000,200000
2723,800000,200000
2724,800000,200000
2725,800000,200000
2726,800000,200000
2727,800000,200000
2728,800000,200000
2729,800000,200000
2730,800000,200000
2731,800000,200000
2732,800000,200000
2733,800000,200000
2734,800000,200000
2735,800000,200000
2736,800000,200000
2737,800000,200000
2738,800000,200000
2739,800000,200000
2740,800000,200000
2741,800000,200000
2742,800000,200000
2743,800000,200000
2744,800000,200000
2745,800000,200000
2746,800000,200000
2747,800000,200000
2748,800000,200000
2749,800000,200000
2750,800000,200000
2751,800000,200000
2752,800000,200000
2753,800000,200000
2754,800000,200000
2755,800000,200000
2756,800000,200000
2757,800000,200000
2758,800000,200000
2759,800000,200000
2760,800000,200000
2761,800000,200000
2762,800000,200000
2763,800000,200000
2764,800000,200000
2765,800000,200000
2766,800000,200000
2767,800000,200000
2768,800000,200000
2769,800000,200000
2770,800000,200000
2771,800000,200000
2772,800000,200000
2773,800000,200000
2774,800000,200000
2775,800000,200000
2776,800000,200000
2777,800000,200000
2778,800000,200000
2779,800000,200000
2780,800000,200000
2781,800000,200000
2782,800000,200000
2783,800000,200000
2784,800000,200000
2785,800000,200000
2786,800000,200000
2787,800000,200000
2788,800000,200000
2789,800000,200000
2790,800000,200000
2791,800000,200000
2792,800000,200000
2793,800000,200000
2794,800000,200000
2795,800000,200000
2796,800000,200000
2797,800000,200000
2798,800000,200000
2799,800000,200000
2800,800000,200000
2801,800000,200000
2802,800000,200000
2803,800000,200000
2804,800000,200000
2805,800000,200000
2806,800000,200000
2807,800000,200000
2808,800000,200000
2809,800000,200000
2810,800000,200000
2811,800000,200000
2812,800000,200000
2813,800000,200000
2814,800000,200000
2815,800000,200000
2816,800000,200000
2817,800000,200000
2818,800000,200000
2819,800000,200000
2820,800000,200000
2821,800000,200000
2822,800000,200000
2823,800000,200000
2824,800000,200000
2825,800000,200000
2826,800000,200000
2827,800000,200000
2828,800000,200000
2829,800000,200000
2830,800000,200000
2831,800000,200000
2832,800000,200000
2833,800000,200000
2834,800000,200000
2835,800000,200000
2836,800000,200000
2837,800000,200000
2838,800000,200000
2839,800000,200000
2840,800000,200000
2841,800000,200000
2842,800000,200000
2843,800000,200000
2844,800000,200000
2845,800000,200000
2846,800000,200000
2847,800000,200000
2848,800000,200000
2849,800000,200000
2850,800000,200000
2851,800000,200000
2852,800000,200000
2853,800000,200000
2854,800000,200000
2855,800000,200000
2856,800000,200000
2857,800000,200000
2858,800000,200000
2859,800000,200000
2860,800000,200000
2861,800000,200000
2862,800000,200000
2863,800000,200000
2864,800000,200000
2865,800000,200000
2866,800000,200000
2867,800000,200000
2868,800000,200000
2869,800000,200000
2870,800000,200000
2871,800000,200000
2872,800000,200000
2873,800000,200000
2874,800000,200000
2875,800000,200000
2876,800000,200000
2877,800000,200000
2878,800000,200000
2879,800000,200000
2880,800000,200000
2881,800000,200000
2882,800000,200000
2883,800000,200000
2884,800000,200000
2885,800000,200000
2886,800000,200000
2887,800000,200000
2888,800000,200000
2889,800000,200000
2890,800000,200000
2891,800000,200000
2892,800000,200000
2893,800000,200000
2894,800000,200000
2895,800000,200000
2896,800000,200000
2897,800000,200000
2898,800000,200000
2899,800000,200000
2900,800000,200000
2901,800000,200000
2902,800000,200000
2903,800000,200000
2904,800000,200000
2905,800000,200000
2906,800000,200000
2907,800000,200000
2908,800000,200000
2909,800000,200000
2910,800000,200000
2911,800000,200000
2912,800000,200000
2913,800000,200000
2914,800000,200000
2915,800000,200000
2916,800000,200000
2917,800000,200000
2918,800000,200000
2919,800000,200000
2920,800000,200000
2921,800000,200000
2922,800000,200000
2923,800000,200000
2924,800000,200000
2925,800000,200000
2926,800000,200000
2927,800000,200000
2928,800000,200000
2929,800000,200000
2930,800000,200000
2931,800000,200000
2932,800000,200000
2933,800000,200000
2934,800000,200000
2935,800000,200000
2936,800000,200000
2937,800000,200000
2938,800000,200000
2939,800000,200000
2940,800000,200000
2941,800000,200000
2942,800000,200000
2943,800000,200000
2944,800000,200000
2945,800000,200000
2946,800000,200000
2947,800000,200000
2948,800000,200000
2949,800000,200000
2950,800000,200000
2951,800000,200000
2952,800000,200000
2953,800000,200000
2954,800000,200000
2955,800000,200000
2956,800000,200000
2957,800000,200000
2958,800000,200000
2959,800000,200000
2960,800000,200000
2961,800000,200000
2962,800000,200000
2963,800000,200000
2964,800000,200000
2965,800000,200000
2966,800000,200000
2967,800000,200000
2968,800000,200000
2969,800000,200000
2970,800000,200000
2971,800000,200000
2972,800000,200000
2973,800000,200000
2974,800000,200000
2975,800000,200000
2976,800000,200000
2977,800000,200000
2978,800000,200000
2979,800000,200000
2980,800000,200000
2981,800000,200000
2982,800000,200000
2983,800000,200000
2984,800000,200000
2985,800000,200000
2986,800000,200000
2987,800000,200000
2988,800000,200000
2989,800000,200000
2990,800000,200000
2991,800000,200000
2992,800000,200000
2993,800000,200000
2994,800000,200000
2995,800000,200000
2996,800000,200000
2997,800000,200000
2998,800000,200000
2999,800000,200000
3000,800000,200000
3001,800000,200000
3002,800000,200000
3003,800000,200000
3004,800000,200000
3005,800000,200000
3006,800000,200000
3007,800000,200000
3008,800000,200000
3009,800000,200000
3010,800000,200000
3011,800000,200000
3012,800000,200000
3013,800000,200000
3014,800000,200000
3015,800000,200000
3016,800000,200000
3017,800000,200000
3018,800000,200000
3019,800000,200000
3020,800000,200000
3021,800000,200000
3022,800000,200000
3023,800000,200000
3024,800000,200000
3025,800000,200000
3026,800000,200000
3027,800000,200000
3028,800000,200000
3029,800000,200000
3030,800000,200000
3031,800000,200000
3032,800000,200000
3033,800000,200000
3034,800000,200000
3035,800000,200000
3036,800000,200000
3037,800000,200000
3038,800000,200000
3039,800000,200000
3040,800000,200000
3041,800000,200000
3042,800000,200000
3043,800000,200000
3044,800000,200000
3045,800000,200000
3046,800000,200000
3047,800000,200000
3048,800000,200000
3049,800000,200000
3050,800000,200000
3051,800000,200000
3052,800000,200000
3053,800000,200000
3054,800000,200000
3055,800000,200000
3056,800000,200000
3057,800000,200000
3058,800000,200000
3059,800000,200000
3060,800000,200000
3061,800000,200000
3062,800000,200000
3063,800000,200000
3064,800000,200000
3065,800000,200000
3066,800000,200000
3067,800000,200000
3068,800000,200000
3069,800000,200000
3070,800000,200000
3071,800000,200000
3072,800000,200000
3073,800000,200000
3074,800000,200000
3075,800000,200000
3076,800000,200000
3077,800000,200000
3078,800000,200000
3079,800000,200000
3080,800000,200000
3081,800000,200000
3082,800000,200000
3083,800000,200000
3084,800000,200000
3085,800000,200000
3086,800000,200000
3087,800000,200000
3088,800000,200000
3089,800000,200000
3090,800000,200000
3091,800000,200000
3092,800000,200000
3093,800000,200000
3094,800000,200000
3095,800000,200000
3096,800000,200000
3097,800000,200000
3098,800000,200000
3099,800000,200000
3100,800000,200000
3101,800000,200000
3102,800000,200000
3103,800000,200000
3104,800000,200000
3105,800000,200000
3106,800000,200000
3107,800000,200000
3108,800000,200000
3109,800000,200000
3110,800000,200000
3111,800000,200000
3112,800000,200000
3113,800000,200000
3114,800000,200000
3115,800000,200000
3116,800000,200000
3117,800000,200000
3118,800000,200000
3119,800000,200000
3120,800000,200000
3121,800000,200000
3122,800000,200000
3123,800000,200000
3124,800000,200000
3125,800000,200000
3126,800000,200000
3127,800000,200000
3128,800000,200000
3129,800000,200000
3130,800000,200000
3131,800000,200000
3132,800000,200000
3133,800000,200000
3134,800000,200000
3135,800000,200000
3136,800000,200000
3137,800000,200000
3138,800000,200000
3139,800000,200000
3140,800000,200000
3141,800000,200000
3142,800000,200000
3143,800000,200000
3144,800000,200000
3145,800000,200000
3146,800000,200000
3147,800000,200000
3148,800000,200000
3149,800000,200000
3150,800000,200000
3151,800000,200000
3152,800000,200000
3153,800000,200000
3154,800000,200000
3155,800000,200000
3156,800000,200000
3157,800000,200000
3158,800000,200000
3159,800000,200000
3160,800000,200000
3161,800000,200000
3162,800000,200000
3163,800000,200000
3164,800000,200000
3165,800000,200000
3166,800000,200000
3167,800000,200000
3168,800000,200000
3169,800000,200000
3170,800000,200000
3171,800000,200000
3172,800000,200000
3173,800000,200000
3174,800000,200000
3175,800000,200000
3176,800000,200000
3177,800000,200000
3178,800000,200000
3179,800000,200000
3180,800000,200000
3181,800000,200000
3182,800000,200000
3183,800000,200000
3184,800000,200000
3185,800000,200000
3186,800000,200000
3187,800000,200000
3188,800000,200000
3189,800000,200000
3190,800000,200000
3191,800000,200000
3192,800000,200000
3193,800000,200000
3194,800000,200000
3195,800000,200000
3196,800000,200000
3197,800000,200000
3198,800000,200000
3199,800000,200000
3200,800000,200000
3201,800000,200000
3202,800000,200000
3203,800000,200000
3204,800000,200000
3205,800000,200000
3206,800000,200000
3207,800000,200000
3208,800000,200000
3209,800000,200000
3210,800000,200000
3211,800000,200000
3212,800000,200000
3213,800000,200000
3214,800000,200000
3215,800000,200000
3216,800000,200000
3217,800000,200000
3218,800000,200000
3219,800000,200000
3220,800000,200000
3221,800000,200000
3222,800000,200000
3223,800000,200000
3224,800000,200000
3225,800000,200000
3226,800000,200000
3227,800000,200000
3228,800000,200000
3229,800000,200000
3230,800000,200000
3231,800000,200000
3232,800000,200000
3233,800000,200000
3234,800000,200000
3235,800000,200000
3236,800000,200000
3237,800000,200000
3238,800000,200000
3239,800000,200000
3240,800000,200000
3241,800000,200000
3242,800000,200000
3243,800000,200000
3244,800000,200000
3245,800000,200000
3246,800000,200000
3247,800000,200000
3248,800000,200000
3249,800000,200000
3250,800000,200000
3251,800000,200000
3252,800000,200000
3253,800000,200000
3254,800000,200000
3255,800000,200000
3256,800000,200000
3257,800000,200000
3258,800000,200000
3259,800000,200000
3260,800000,200000
3261,800000,200000
3262,800000,200000
3263,800000,200000
3264,800000,200000
3265,800000,200000
3266,800000,200000
3267,800000,200000
3268,800000,200000
3269,800000,200000
3270,800000,200000
3271,800000,200000
3272,800000,200000
3273,800000,200000
3274,800000,200000
3275,800000,200000
3276,800000,200000
3277,800000,200000
3278,800000,200000
3279,800000,200000
3280,800000,200000
3281,800000,200000
3282,800000,200000
3283,800000,200000
3284,800000,200000
3285,800000,200000
3286,800000,200000
3287,800000,200000
3288,800000,200000
3289,800000,200000
3290,800000,200000
3291,800000,200000
3292,800000,200000
3293,800000,200000
3294,800000,200000
3295,800000,200000
3296,800000,200000
3297,800000,200000
3298,800000,200000
3299,800000,200000
3300,800000,200000
3301,800000,200000
3302,800000,200000
3303,800000,200000
3304,800000,200000
3305,800000,200000
3306,800000,200000
3307,800000,200000
3308,800000,200000
3309,800000,200000
3310,800000,200000
3311,800000,200000
3312,800000,200000
3313,800000,200000
3314,800000,200000
3315,800000,200000
3316,800000,200000
3317,800000,200000
3318,800000,200000
3319,800000,200000
3320,800000,200000
3321,800000,200000
3322,800000,200000
3323,800000,200000
3324,800000,200000
3325,800000,200000
3326,800000,200000
3327,800000,200000
3328,800000,200000
3329,800000,200000
3330,800000,200000
3331,800000,200000
3332,800000,200000
3333,800000,200000
3334,800000,200000
3335,800000,200000
3336,800000,200000
3337,800000,200000
3338,800000,200000
3339,800000,200000
3340,800000,200000
3341,800000,200000
3342,800000,200000
3343,800000,200000
3344,800000,200000
3345,800000,200000
3346,800000,200000
3347,800000,200000
3348,800000,200000
3349,800000,200000
3350,800000,200000
3351,800000,200000
3352,800000,200000
3353,800000,200000
3354,800000,200000
3355,800000,200000
3356,800000,200000
3357,800000,200000
3358,800000,200000
3359,800000,200000
3360,800000,200000
3361,800000,200000
3362,800000,200000
3363,800000,200000
3364,800000,200000
3365,800000,200000
3366,800000,200000
3367,800000,200000
3368,800000,200000
3369,800000,200000
3370,800000,200000
3371,800000,200000
3372,800000,200000
3373,800000,200000
3374,800000,200000
3375,800000,200000
3376,800000,200000
3377,800000,200000
3378,800000,200000
3379,800000,200000
3380,800000,200000
3381,800000,200000
3382,800000,200000
3383,800000,200000
3384,800000,200000
3385,800000,200000
3386,800000,200000
3387,800000,200000
3388,800000,200000
3389,800000,200000
3390,800000,200000
3391,800000,200000
3392,800000,200000
3393,800000,200000
3394,800000,200000
3395,800000,200000
3396,800000,200000
3397,800000,200000
3398,800000,200000
3399,800000,200000
3400,800000,200000
3401,800000,200000
3402,800000,200000
3403,800000,200000
3404,800000,200000
3405,800000,200000
3406,800000,200000
3407,800000,200000
3408,800000,200000
3409,800000,200000
3410,800000,200000
3411,800000,200000
3412,800000,200000
3413,800000,200000
3414,800000,200000
3415,800000,200000
3416,800000,200000
3417,800000,200000
3418,800000,200000
3419,800000,200000
3420,800000,200000
3421,800000,200000
3422,800000,200000
3423,800000,200000
3424,800000,200000
3425,800000,200000
3426,800000,200000
3427,800000,200000
3428,800000,200000
3429,800000,200000
3430,800000,200000
3431,800000,200000
3432,800000,200000
3433,800000,200000
3434,800000,200000
3435,800000,200000
3436,800000,200000
3437,800000,200000
3438,800000,200000
3439,800000,200000
3440,800000,200000
3441,800000,200000
3442,800000,200000
3443,800000,200000
3444,800000,200000
3445,800000,200000
3446,800000,200000
3447,800000,200000
3448,800000,200000
3449,800000,200000
3450,800000,200000
3451,800000,200000
3452,800000,200000
3453,800000,200000
3454,800000,200000
3455,800000,200000
3456,800000,200000
3457,800000,200000
3458,800000,200000
3459,800000,200000
3460,800000,200000
3461,800000,200000
3462,800000,200000
3463,800000,200000
3464,800000,200000
3465,800000,200000
3466,800000,200000
3467,800000,200000
3468,800000,200000
3469,800000,200000
3470,800000,200000
3471,800000,200000
3472,800000,200000
3473,800000,200000
3474,800000,200000
3475,800000,200000
3476,800000,200000
3477,800000,200000
3478,800000,200000
3479,800000,200000
3480,800000,200000
3481,800000,200000
3482,800000,200000
3483,800000,200000
3484,800000,200000
3485,800000,200000
3486,800000,200000
3487,800000,200000
3488,800000,200000
3489,800000,200000
3490,800000,200000
3491,800000,200000
3492,800000,200000
3493,800000,200000
3494,800000,200000
3495,800000,200000
3496,800000,200000
3497,800000,200000
3498,800000,200000
3499,800000,200000
3500,800000,200000
3501,800000,200000
3502,800000,200000
3503,800000,200000
3504,800000,200000
3505,800000,200000
3506,800000,200000
3507,800000,200000
3508,800000,200000
3509,800000,200000
3510,800000,200000
3511,800000,200000
3512,800000,200000
3513,800000,200000
3514,800000,200000
3515,800000,200000
3516,800000,200000
3517,800000,200000
3518,800000,200000
3519,800000,200000
3520,800000,200000
3521,800000,200000
3522,800000,200000
3523,800000,200000
3524,800000,200000
3525,800000,200000
3526,800000,200000
3527,800000,200000
3528,800000,200000
3529,800000,200000
3530,800000,200000
3531,800000,200000
3532,800000,200000
3533,800000,200000
3534,800000,200000
3535,800000,200000
3536,800000,200000
3537,800000,200000
3538,800000,200000
3539,800000,200000
3540,800000,200000
3541,800000,200000
3542,800000,200000
3543,800000,200000
3544,800000,200000
3545,800000,200000
3546,800000,200000
3547,800000,200000
3548,800000,200000
3549,800000,200000
3550,800000,200000
3551,800000,200000
3552,800000,200000
3553,800000,200000
3554,800000,200000
3555,800000,200000
3556,800000,200000
3557,800000,200000
3558,800000,200000
3559,800000,200000
3560,800000,200000
3561,800000,200000
3562,800000,200000
3563,800000,200000
3564,800000,200000
3565,800000,200000
3566,800000,200000
3567,800000,200000
3568,800000,200000
3569,800000,200000
3570,800000,200000
3571,800000,200000
3572,800000,200000
3573,800000,200000
3574,800000,200000
3575,800000,200000
3576,800000,200000
3577,800000,200000
3578,800000,200000
3579,800000,200000
3580,800000,200000
3581,800000,200000
3582,800000,200000
3583,800000,200000
3584,800000,200000
3585,800000,200000
3586,800000,200000
3587,800000,200000
3588,800000,200000
3589,800000,200000
3590,800000,200000
3591,800000,200000
3592,800000,200000
3593,800000,200000
3594,800000,200000
3595,800000,200000
3596,800000,200000
3597,800000,200000
3598,800000,200000
3599,800000,200000
3600,800000,200000
3601,800000,200000
3602,800000,200000
3603,800000,200000
3604,800000,200000
3605,800000,200000
3606,800000,200000
3607,800000,200000
3608,800000,200000
3609,800000,200000
3610,800000,200000
3611,800000,200000
3612,800000,200000
3613,800000,200000
3614,800000,200000
3615,800000,200000
3616,800000,200000
3617,800000,200000
3618,800000,200000
3619,800000,200000
3620,800000,200000
3621,800000,200000
3622,800000,200000
3623,800000,200000
3624,800000,200000
3625,800000,200000
3626,800000,200000
3627,800000,200000
3628,800000,200000
3629,800000,200000
3630,800000,200000
3631,800000,200000
3632,800000,200000
3633,800000,200000
3634,800000,200000
3635,800000,200000
3636,800000,200000
3637,800000,200000
3638,800000,200000
3639,800000,200000
3640,800000,200000
3641,800000,200000
3642,800000,200000
3643,800000,200000
3644,800000,200000
3645,800000,200000
3646,800000,200000
3647,800000,200000
3648,800000,200000
3649,800000,200000
3650,800000,200000
3651,800000,200000
3652,800000,200000
3653,800000,200000
3654,800000,200000
3655,800000,200000
3656,800000,200000
3657,800000,200000
3658,800000,200000
3659,800000,200000
3660,800000,200000
3661,800000,200000
3662,800000,200000
3663,800000,200000
3664,800000,200000
3665,800000,200000
3666,800000,200000
3667,800000,200000
3668,800000,200000
3669,800000,200000
3670,800000,200000
3671,800000,200000
3672,800000,200000
3673,800000,200000
3674,800000,200000
3675,800000,200000
3676,800000,200000
3677,800000,200000
3678,800000,200000
3679,800000,200000
3680,800000,200000
3681,800000,200000
3682,800000,200000
3683,800000,200000
3684,800000,200000
3685,800000,200000
3686,800000,200000
3687,800000,200000
3688,800000,200000
3689,800000,200000
3690,800000,200000
3691,800000,200000
3692,800000,200000
3693,800000,200000
3694,800000,200000
3695,800000,200000
3696,800000,200000
3697,800000,200000
3698,800000,200000
3699,800000,200000
3700,800000,200000
3701,800000,200000
3702,800000,200000
3703,800000,200000
3704,800000,200000
3705,800000,200000
3706,800000,200000
3707,800000,200000
3708,800000,200000
3709,800000,200000
3710,800000,200000
3711,800000,200000
3712,800000,200000
3713,800000,200000
3714,800000,200000
3715,800000,200000
3716,800000,200000
3717,800000,200000
3718,800000,200000
3719,800000,200000
3720,800000,200000
3721,800000,200000
3722,800000,200000
3723,800000,200000
3724,800000,200000
3725,800000,200000
3726,800000,200000
3727,800000,200000
3728,800000,200000
3729,800000,200000
3730,800000,200000
3731,800000,200000
3732,800000,200000
3733,800000,200000
3734,800000,200000
3735,800000,200000
3736,800000,200000
3737,800000,200000
3738,800000,200000
3739,800000,200000
3740,800000,200000
3741,800000,200000
3742,800000,200000
3743,800000,200000
3744,800000,200000
3745,800000,200000
3746,800000,200000
3747,800000,200000
3748,800000,200000
3749,800000,200000
3750,800000,200000
3751,800000,200000
3752,800000,200000
3753,800000,200000
3754,800000,200000
3755,800000,200000
3756,800000,200000
3757,800000,200000
3758,800000,200000
3759,800000,200000
3760,800000,200000
3761,800000,200000
3762,800000,200000
3763,800000,200000
3764,800000,200000
3765,800000,200000
3766,800000,200000
3767,800000,200000
3768,800000,200000
3769,800000,200000
3770,800000,200000
3771,800000,200000
3772,800000,200000
3773,800000,200000
3774,800000,200000
3775,800000,200000
3776,800000,200000
3777,800000,200000
3778,800000,200000
3779,800000,200000
3780,800000,200000
3781,800000,200000
3782,800000,200000
3783,800000,200000
3784,800000,200000
3785,800000,200000
3786,800000,200000
3787,800000,200000
3788,800000,200000
3789,800000,200000
3790,800000,200000
3791,800000,200000
3792,800000,200000
3793,800000,200000
3794,800000,200000
3795,800000,200000
3796,800000,200000
3797,800000,200000
3798,800000,200000
3799,800000,200000
3800,800000,200000
3801,800000,200000
3802,800000,200000
3803,800000,200000
3804,800000,200000
3805,800000,200000
3806,800000,200000
3807,800000,200000
3808,800000,200000
3809,800000,200000
3810,800000,200000
3811,800000,200000
3812,800000,200000
3813,800000,200000
3814,800000,200000
3815,800000,200000
3816,800000,200000
3817,800000,200000
3818,800000,200000
3819,800000,200000
3820,800000,200000
3821,800000,200000
3822,800000,200000
3823,800000,200000
3824,800000,200000
3825,800000,200000
3826,800000,200000
3827,800000,200000
3828,800000,200000
3829,800000,200000
3830,800000,200000
3831,800000,200000
3832,800000,200000
3833,800000,200000
3834,800000,200000
3835,800000,200000
3836,800000,200000
3837,800000,200000
3838,800000,200000
3839,800000,200000
3840,800000,200000
3841,800000,200000
3842,800000,200000
3843,800000,200000
3844,800000,200000
3845,800000,200000
3846,800000,200000
3847,800000,200000
3848,800000,200000
3849,800000,200000
3850,800000,200000
3851,800000,200000
3852,800000,200000
3853,800000,200000
3854,800000,200000
3855,800000,200000
3856,800000,200000
3857,800000,200000
3858,800000,200000
3859,800000,200000
3860,800000,200000
3861,800000,200000
3862,800000,200000
3863,800000,200000
3864,800000,200000
3865,800000,200000
3866,800000,200000
3867,800000,200000
3868,800000,200000
3869,800000,200000
3870,800000,200000
3871,800000,200000
3872,800000,200000
3873,800000,200000
3874,800000,200000
3875,800000,200000
3876,800000,200000
3877,800000,200000
3878,800000,200000
3879,800000,200000
3880,800000,200000
3881,800000,200000
3882,800000,200000
3883,800000,200000
3884,800000,200000
3885,800000,200000
3886,800000,200000
3887,800000,200000
3888,800000,200000
3889,800000,200000
3890,800000,200000
3891,800000,200000
3892,800000,200000
3893,800000,200000
3894,800000,200000
3895,800000,200000
3896,800000,200000
3897,800000,200000
3898,800000,200000
3899,800000,200000
3900,800000,200000
3901,800000,200000
3902,800000,200000
3903,800000,200000
3904,800000,200000
3905,800000,200000
3906,800000,200000
3907,800000,200000
3908,800000,200000
3909,800000,200000
3910,800000,200000
3911,800000,200000
3912,800000,200000
3913,800000,200000
3914,800000,200000
3915,800000,200000
3916,800000,200000
3917,800000,200000
3918,800000,200000
3919,800000,200000
3920,800000,200000
3921,800000,200000
3922,800000,200000
3923,800000,200000
3924,800000,200000
3925,800000,200000
3926,800000,200000
3927,800000,200000
3928,800000,200000
3929,800000,200000
3930,800000,200000
3931,800000,200000
3932,800000,200000
3933,800000,200000
3934,800000,200000
3935,800000,200000
3936,800000,200000
3937,800000,200000
3938,800000,200000
3939,800000,200000
3940,800000,200000
3941,800000,200000
3942,800000,200000
3943,800000,200000
3944,800000,200000
3945,800000,200000
3946,800000,200000
3947,800000,200000
3948,800000,200000
3949,800000,200000
3950,800000,200000
3951,800000,200000
3952,800000,200000
3953,800000,200000
3954,800000,200000
3955,800000,200000
3956,800000,200000
3957,800000,200000
3958,800000,200000
3959,800000,200000
3960,800000,200000
3961,800000,200000
3962,800000,200000
3963,800000,200000
3964,800000,200000
3965,800000,200000
3966,800000,200000
3967,800000,200000
3968,800000,200000
3969,800000,200000
3970,800000,200000
3971,800000,200000
3972,800000,200000
3973,800000,200000
3974,800000,200000
3975,800000,200000
3976,800000,200000
3977,800000,200000
3978,800000,200000
3979,800000,200000
3980,800000,200000
3981,800000,200000
3982,800000,200000
3983,800000,200000
3984,800000,200000
3985,800000,200000
3986,800000,200000
3987,800000,200000
3988,800000,200000
3989,800000,200000
3990,800000,200000
3991,800000,200000
3992,800000,200000
3993,800000,200000
3994,800000,200000
3995,800000,200000
3996,800000,200000
3997,800000,200000
3998,800000,200000
3999,800000,200000
4000,800000,200000
4001,800000,200000
4002,800000,200000
4003,800000,200000
4004,800000,200000
4005,800000,200000
4006,800000,200000
4007,800000,200000
4008,800000,200000
4009,800000,200000
4010,800000,200000
4011,800000,200000
4012,800000,200000
4013,800000,200000
4014,800000,200000
4015,800000,200000
4016,800000,200000
4017,800000,200000
4018,800000,200000
4019,800000,200000
4020,800000,200000
4021,800000,200000
4022,800000,200000
4023,800000,200000
4024,800000,200000
4025,800000,200000
4026,800000,200000
4027,800000,200000
4028,800000,200000
4029,800000,200000
4030,800000,200000
4031,800000,200000
4032,800000,200000
4033,800000,200000
4034,800000,200000
4035,800000,200000
4036,800000,200000
4037,800000,200000
4038,800000,200000
4039,800000,200000
4040,800000,200000
4041,800000,200000
4042,800000,200000
4043,800000,200000
4044,800000,200000
4045,800000,200000
4046,800000,200000
4047,800000,200000
4048,800000,200000
4049,800000,200000
4050,800000,200000
4051,800000,200000
4052,800000,200000
4053,800000,200000
4054,800000,200000
4055,800000,200000
4056,800000,200000
4057,800000,200000
4058,800000,200000
4059,800000,200000
4060,800000,200000
4061,800000,200000
4062,800000,200000
4063,800000,200000
4064,800000,200000
4065,800000,200000
4066,800000,200000
4067,800000,200000
4068,800000,200000
4069,800000,200000
4070,800000,200000
4071,800000,200000
4072,800000,200000
4073,800000,200000
4074,800000,200000
4075,800000,200000
4076,800000,200000
4077,800000,200000
4078,800000,200000
4079,800000,200000
4080,800000,200000
4081,800000,200000
4082,800000,200000
4083,800000,200000
4084,800000,200000
4085,800000,200000
4086,800000,200000
4087,800000,200000
4088,800000,200000
4089,800000,200000
4090,800000,200000
4091,800000,200000
4092,800000,200000
4093,800000,200000
4094,800000,200000
4095,800000,200000
4096,800000,200000
4097,800000,200000
4098,800000,200000
4099,800000,200000
4100,800000,200000
4101,800000,200000
4102,800000,200000
4103,800000,200000
4104,800000,200000
4105,800000,200000
4106,800000,200000
4107,800000,200000
4108,800000,200000
4109,800000,200000
4110,800000,200000
4111,800000,200000
4112,800000,200000
4113,800000,200000
4114,800000,200000
4115,800000,200000
4116,800000,200000
4117,800000,200000
4118,800000,200000
4119,800000,200000
4120,800000,200000
4121,800000,200000
4122,800000,200000
4123,800000,200000
4124,800000,200000
4125,800000,200000
4126,800000,200000
4127,800000,200000
4128,800000,200000
4129,800000,200000
4130,800000,200000
4131,800000,200000
4132,800000,200000
4133,800000,200000
4134,800000,200000
4135,800000,200000
4136,800000,200000
4137,800000,200000
4138,800000,200000
4139,800000,200000
4140,800000,200000
4141,800000,200000
4142,800000,200000
4143,800000,200000
4144,800000,200000
4145,800000,200000
4146,800000,200000
4147,800000,200000
4148,800000,200000
4149,800000,200000
4150,800000,200000
4151,800000,200000
4152,800000,200000
4153,800000,200000
4154,800000,200000
4155,800000,200000
4156,800000,200000
4157,800000,200000
4158,800000,200000
4159,800000,200000
4160,800000,200000
4161,800000,200000
4162,800000,200000
4163,800000,200000
4164,800000,200000
4165,800000,200000
4166,800000,200000
4167,800000,200000
4168,800000,200000
4169,800000,200000
4170,800000,200000
4171,800000,200000
4172,800000,200000
4173,800000,200000
4174,800000,200000
4175,800000,200000
4176,800000,200000
4177,800000,200000
4178,800000,200000
4179,800000,200000
4180,800000,200000
4181,800000,200000
4182,800000,200000
4183,800000,200000
4184,800000,200000
4185,800000,200000
4186,800000,200000
4187,800000,200000
4188,800000,200000
4189,800000,200000
4190,800000,200000
4191,800000,200000
4192,800000,200000
4193,800000,200000
4194,800000,200000
4195,800000,200000
4196,800000,200000
4197,800000,200000
4198,800000,200000
4199,800000,200000
4200,800000,200000
4201,800000,200000
4202,800000,200000
4203,800000,200000
4204,800000,200000
4205,800000,200000
4206,800000,200000
4207,800000,200000
4208,800000,200000
4209,800000,200000
4210,800000,200000
4211,800000,200000
4212,800000,200000
4213,800000,200000
4214,800000,200000
4215,800000,200000
4216,800000,200000
4217,800000,200000
4218,800000,200000
4219,800000,200000
4220,800000,200000
4221,800000,200000
4222,800000,200000
4223,800000,200000
4224,800000,200000
4225,800000,200000
4226,800000,200000
4227,800000,200000
4228,800000,200000
4229,800000,200000
4230,800000,200000
4231,800000,200000
4232,800000,200000
4233,800000,200000
4234,800000,200000
4235,800000,200000
4236,800000,200000
4237,800000,200000
4238,800000,200000
4239,800000,200000
4240,800000,200000
4241,800000,200000
4242,800000,200000
4243,800000,200000
4244,800000,200000
4245,800000,200000
4246,800000,200000
4247,800000,200000
4248,800000,200000
4249,800000,200000
4250,800000,200000
4251,800000,200000
4252,800000,200000
4253,800000,200000
4254,800000,200000
4255,800000,200000
4256,800000,200000
4257,800000,200000
4258,800000,200000
4259,800000,200000
4260,800000,200000
4261,800000,200000
4262,800000,200000
4263,800000,200000
4264,800000,200000
4265,800000,200000
4266,800000,200000
4267,800000,200000
4268,800000,200000
4269,800000,200000
4270,800000,200000
4271,800000,200000
4272,800000,200000
4273,800000,200000
4274,800000,200000
4275,800000,200000
4276,800000,200000
4277,800000,200000
4278,800000,200000
4279,800000,200000
4280,800000,200000
4281,800000,200000
4282,800000,200000
4283,800000,200000
4284,800000,200000
4285,800000,200000
4286,800000,200000
4287,800000,200000
4288,800000,200000
4289,800000,200000
4290,800000,200000
4291,800000,200000
4292,800000,200000
4293,800000,200000
4294,800000,200000
4295,800000,200000
4296,800000,200000
4297,800000,200000
4298,800000,200000
4299,800000,200000
4300,800000,200000
4301,800000,200000
4302,800000,200000
4303,800000,200000
4304,800000,200000
4305,800000,200000
4306,800000,200000
4307,800000,200000
4308,800000,200000
4309,800000,200000
4310,800000,200000
4311,800000,200000
4312,800000,200000
4313,800000,200000
4314,800000,200000
4315,800000,200000
4316,800000,200000
4317,800000,200000
4318,800000,200000
4319,800000,200000
