[
  {
    "baseType": "Experiment",
    "id": 2,
    "type": "REGRESSION",
    "targetService": "service1",
    "minDuration": 432,
    "requiredTotalTraffic": 10000000,
    "priority": 2,
    "preferredUserGroup": [
      "group1",
      "group4"
    ]
  },
  {
    "baseType": "Experiment",
    "id": 17,
    "type": "BUSINESS",
    "targetService": "service1",
    "minDuration": 96,
    "requiredTotalTraffic": 1000000,
    "priority": 5,
    "preferredUserGroup": [
      "group2"
    ]
  },
  {
    "baseType": "Experiment",
    "id": 5,
    "type": "BUSINESS",
    "targetService": "service1",
    "minDuration": 168,
    "requiredTotalTraffic": 1000000,
    "priority": 3,
    "preferredUserGroup": [
      "group3",
      "group5"
    ]
  },
  {
    "baseType": "Experiment",
    "id": 13,
    "type": "BUSINESS",
    "targetService": "service1",
    "minDuration": 168,
    "requiredTotalTraffic": 5000000,
    "priority": 5
  },
  {
    "baseType": "Experiment",
    "id": 18,
    "type": "REGRESSION",
    "targetService": "service1",
    "minDuration": 144,
    "requiredTotalTraffic": 5000000,
    "priority": 1
  },
  {
    "baseType": "Experiment",
    "id": 15,
    "type": "BUSINESS",
    "targetService": "service1",
    "minDuration": 168,
    "requiredTotalTraffic": 1000000,
    "priority": 4,
    "preferredUserGroup": [
      "group3",
      "group5"
    ]
  },
  {
    "baseType": "Experiment",
    "id": 10,
    "type": "BUSINESS",
    "targetService": "service1",
    "minDuration": 240,
    "requiredTotalTraffic": 2000000,
    "priority": 9
  },
  {
    "baseType": "Experiment",
    "id": 20,
    "type": "BUSINESS",
    "targetService": "service1",
    "minDuration": 240,
    "requiredTotalTraffic": 2000000,
    "priority": 8
  },
  {
    "baseType": "GradualExperiment",
    "startTraffic": 20000.0,
    "id": 1,
    "type": "REGRESSION",
    "targetService": "service1",
    "minDuration": 240,
    "requiredTotalTraffic": 20000000,
    "priority": 6,
    "preferredUserGroup": [
      "group3"
    ]
  },
  {
    "baseType": "Experiment",
    "id": 25,
    "type": "BUSINESS",
    "targetService": "service1",
    "minDuration": 168,
    "requiredTotalTraffic": 1000000,
    "priority": 8,
    "preferredUserGroup": [
      "group3",
      "group5"
    ]
  },
  {
    "baseType": "GradualExperiment",
    "startTraffic": 10000.0,
    "id": 4,
    "type": "REGRESSION",
    "targetService": "service1",
    "minDuration": 264,
    "requiredTotalTraffic": 10000000,
    "priority": 8,
    "preferredUserGroup": [
      "group3"
    ]
  },
  {
    "baseType": "GradualExperiment",
    "startTraffic": 20000.0,
    "id": 21,
    "type": "REGRESSION",
    "targetService": "service1",
    "minDuration": 240,
    "requiredTotalTraffic": 20000000,
    "priority": 5,
    "preferredUserGroup": [
      "group3"
    ]
  },
  {
    "baseType": "Experiment",
    "id": 23,
    "type": "BUSINESS",
    "targetService": "service1",
    "minDuration": 168,
    "requiredTotalTraffic": 5000000,
    "priority": 1
  },
  {
    "baseType": "Experiment",
    "id": 7,
    "type": "BUSINESS",
    "targetService": "service1",
    "minDuration": 96,
    "requiredTotalTraffic": 1000000,
    "priority": 8,
    "preferredUserGroup": [
      "group2"
    ]
  },
  {
    "baseType": "GradualExperiment",
    "startTraffic": 10000.0,
    "id": 24,
    "type": "REGRESSION",
    "targetService": "service1",
    "minDuration": 264,
    "requiredTotalTraffic": 10000000,
    "priority": 1,
    "preferredUserGroup": [
      "group3"
    ]
  },
  {
    "baseType": "Experiment",
    "id": 8,
    "type": "REGRESSION",
    "targetService": "service1",
    "minDuration": 144,
    "requiredTotalTraffic": 5000000,
    "priority": 8
  },
  {
    "baseType": "Experiment",
    "id": 3,
    "type": "BUSINESS",
    "targetService": "service1",
    "minDuration": 168,
    "requiredTotalTraffic": 5000000,
    "priority": 3
  },
  {
    "baseType": "Experiment",
    "id": 22,
    "type": "REGRESSION",
    "targetService": "service1",
    "minDuration": 432,
    "requiredTotalTraffic": 10000000,
    "priority": 5,
    "preferredUserGroup": [
      "group1",
      "group4"
    ]
  },
  {
    "baseType": "GradualExperiment",
    "startTraffic": 20000.0,
    "id": 11,
    "type": "REGRESSION",
    "targetService": "service1",
    "minDuration": 240,
    "requiredTotalTraffic": 20000000,
    "priority": 5,
    "preferredUserGroup": [
      "group3"
    ]
  },
  {
    "baseType": "Experiment",
    "id": 9,
    "type": "REGRESSION",
    "targetService": "service1",
    "minDuration": 144,
    "requiredTotalTraffic": 1000000,
    "priority": 3
  },
  {
    "baseType": "Experiment",
    "id": 6,
    "type": "REGRESSION",
    "targetService": "service1",
    "minDuration": 24,
    "requiredTotalTraffic": 50000,
    "priority": 7,
    "preferredUserGroup": [
      "group1",
      "group4"
    ]
  },
  {
    "baseType": "GradualExperiment",
    "startTraffic": 10000.0,
    "id": 14,
    "type": "REGRESSION",
    "targetService": "service1",
    "minDuration": 264,
    "requiredTotalTraffic": 10000000,
    "priority": 2,
    "preferredUserGroup": [
      "group3"
    ]
  },
  {
    "baseType": "Experiment",
    "id": 19,
    "type": "REGRESSION",
    "targetService": "service1",
    "minDuration": 144,
    "requiredTotalTraffic": 1000000,
    "priority": 7
  },
  {
    "baseType": "Experiment",
    "id": 12,
    "type": "REGRESSION",
    "targetService": "service1",
    "minDuration": 432,
    "requiredTotalTraffic": 10000000,
    "priority": 8,
    "preferredUserGroup": [
      "group1",
      "group4"
    ]
  },
  {
    "baseType": "Experiment",
    "id": 16,
    "type": "REGRESSION",
    "targetService": "service1",
    "minDuration": 24,
    "requiredTotalTraffic": 50000,
    "priority": 9,
    "preferredUserGroup": [
      "group1",
      "group4"
    ]
  }
]